CNES;Motivo_Erro;ID_Municipio;Nome_Unidade;Latitude;Longitude;Rua;Numero;Bairro
21830;Caiu em cidade errada. Esperado: IBGE 410020;410020;MINI POSTO PERAU;-24.6592256;-48.9907432;ESTRADA DO PERAU;S/N;PERAU
25518;Caiu em cidade errada. Esperado: IBGE 412120;412120;UBS RIBEIRAO VERMELHO;-25.95426594038709;-49.5586250900454;RUA PRINCIPAL;S/N;RIBEIRAO VERMELHO
31542;Caiu em cidade errada. Esperado: IBGE 250153;250153;UBS PREFEITO ALYSON JOSE DA SILVA AZEVEDO;-6.588715;-36.26209;SITIO DOS MENDES;S/N;ZONA RURAL
32107;Caiu em cidade errada. Esperado: IBGE 315780;315780;VALE CENTRO DE DESENVOLVIMENTO MINERAL;-19.8332468674;-43.8557052612;BR 381;S/N;DISTRITO INDUSTRIAL
78719;Caiu em cidade errada. Esperado: IBGE 120038;120038;CENTRAL DE ABASTECIMENTO DA ASSISTENCIA BASICA;-9.965744;-67.833669;CORONEL FONTENELLE DE CASTRO;1080;CENTRO
82775;Caiu em cidade errada. Esperado: IBGE 355030;355030;CONECTA SAUDE ODONTOLOGIA CIDADE KEMEL LTDA;-23.5082;-46.366188;R DESEMBARGADOR PAULO OCTAVIANO D JUNQUEIRA;326;CIDADE KEMEL
108928;Caiu em cidade errada. Esperado: IBGE 291950;291950;CENTRAL MUNICIPAL DE REDE DE FRIOS DE LIVRAMENTO;-13.4216;-41.6834;PRACA SENADOR TANAJURA;27;CENTRO
109088;Caiu em cidade errada. Esperado: IBGE 313520;313520;VM CLINICA ODONTOLOGICA E PSICOLOGICA LTDA;-14.8847928;-44.084123;DOM DANIEL;75;CENTRO
118184;Caiu em cidade errada. Esperado: IBGE 280710;280710;MOVIMENTE ESTUDIO DE PILATES;-10.4417;-37.484;NELSON PINTO DE MENDONCA;183;CENTRO
118915;Caiu em cidade errada. Esperado: IBGE 421205;421205;CENTRAL MUNICIPAL DE REDE DE FRIO CMRF;-27.2936892249;-50.1635742188;CENTRO;20;CENTRO
150959;Caiu em cidade errada. Esperado: IBGE 130290;130290;POSTO DE SAUDE NSR DE LOURDES;-3.6943369093;-58.3483886719;COMUNIDADES NSR DE LOURDES;S/N;POLO 8
154946;Caiu em cidade errada. Esperado: IBGE 292665;292665;POSTO DE SAUDE CAMPINARANA;-15.276574;-40.276574;RUA ITAMBE;58;ZONA RURAL
175544;Fora do Brasil ou no mar;210710;UBS SEDE 3;-2.5147;-44.02406;RUA RIO BRANCO;S/N;CENTRO
179558;Caiu em cidade errada. Esperado: IBGE 130353;130353;CENTRO DE REFERENCIA PARA ATENDIMENTO DAS SINDROMES GRIPAIS;-2.2406396094;-60.1721191406;AV PADRE CALERI;S/N;TANCREDO NEVES
185787;Caiu em cidade errada. Esperado: IBGE 291250;291250;CENTRO DE ATENCAO PSICOSSOCIAL DE IBIPITANGA CAPS I;-12.56847;-42.390575;RUA;S/N;CENTRO
189332;Caiu em cidade errada. Esperado: IBGE 314690;314690;UBS DE APOIO;-19.2656;-44.4453;ANTONIO GOMES DOS REIS;63;NOSSA SENHORA DE LOU
196347;Caiu em cidade errada. Esperado: IBGE 311940;311940;UPA24H DR WALTER LUIZ WINTER MAIA CORONEL FABRICIANO;-19.53461;-42.62976;AVENIDA MANAIM;S/N;SILVIO PEREIRA II
196916;Caiu em cidade errada. Esperado: IBGE 290620;290620;CENTRO DE ATENDIMENTO PARA ENFRENTAMENTO A COVID 19 CANARANA;-11.6790088119;-41.770427227;SEDE;S/N;CENTRO
210552;Caiu em cidade errada. Esperado: IBGE 293160;293160;CENTRAL MUNICIPAL DE REDE DE FRIOS DE TEOLANDIA;-13.6058329459;-39.4902062416;RUA QUINTILIANO FERNANDES VIVEIROS;S/N;CENTRO
216518;Caiu em cidade errada. Esperado: IBGE 291390;291390;CENTRAL DE ABASTECIMENTO DE IMUNOBIOLOGICOS DE IPIAU;-14.13775;-39.73596;JURACI MAGALHAES;S/N;CENTRO
216542;Caiu em cidade errada. Esperado: IBGE 260790;260790;BEM ESTAR SAUDE;-8.08984;-34.968812;7 DE SETEMBRO;33;CAVALEIRO
216712;Caiu em cidade errada. Esperado: IBGE 290620;290620;CENTRAL DE REDE DE FRIOS DE CANARANA;-11.6789247582;-41.7687535286;RUA DA SECRETARIA DE SAUDE;S/N;CENTRO
219002;Caiu em cidade errada. Esperado: IBGE 291840;291840;CONSULTORIO MEDICO BRUNO REIS;-9.3923084;-40.4823916;RUA DA IMPERATRIZ;S/N;PADRE VICENTE
219649;Caiu em cidade errada. Esperado: IBGE 220490;220490;ACADEMIA DA SAUDE SAO DOMINGOS;-7.40439;-41.32557;POVOADO SAO DOMINGOS;S/N;ZONA RURAL
241180;Caiu em cidade errada. Esperado: IBGE 150600;150600;POSTO DE SAUDE ESPIRITO SANTO;-2.035384;-53.272443;COMUNIDADE ESPERETO SANTO;S/N;ZONA RURAL
247774;Caiu em cidade errada. Esperado: IBGE 521770;521770;UPA DR OSIRES DE URZEDA NATAL;-17.30541;-49.26531;RUA 6 ESQUINA COM AVENIDA B;S/N;SETOR BELA VISTA
257990;Caiu em cidade errada. Esperado: IBGE 292910;292910;POSTO SATELITE MARIA BORGES MAIA;-12.791;-39.03;SAO JOSE DOS PILOES;S/N;ZONA RURAL
272507;Caiu em cidade errada. Esperado: IBGE 411640;411640;UNIDADE BASICA DE SAUDE 24H;-22.5444;-51.479;RUA JAIR DA SILVA OLIVEIRA;424;CENTRO
278068;Caiu em cidade errada. Esperado: IBGE 160025;160025;PM ITA DIVISAO DE VIGILANCIA SANITARIA;-0.596;-50.671;AVENIDA LAURITA DE ALMEIDA BARBOSA;1134;CENTRO
295523;Caiu em cidade errada. Esperado: IBGE 311535;311535;CVRD AREA OPERACIONAL DE FAZENDAO;-20.144624;-43.411133;CAMINHO ESTRADA DE FERRO VITORIA MINAS S N KM 596;S/N;ZONA RURAL
297933;Caiu em cidade errada. Esperado: IBGE 260110;260110;ESF NOSSA SRA DO CARMO I;-7.7684329;-40.2510846;QUADRA I;S/N;ADELINO
298123;Caiu em cidade errada. Esperado: IBGE 421870;421870;DROGARIA NOSSA SENHORA APARECIDA;-28.3622701;-49.0268422;ESTADUAL SC 438 KM 06;S/N;SAO MARTINHO
300209;Caiu em cidade errada. Esperado: IBGE 110030;110030;FRIBOI;-11.8866864;-60.9866007;RODOVIA BR 364 KM 18;S/N;DISTRITO INDUSTRIAL
371165;Caiu em cidade errada. Esperado: IBGE 353010;353010;CM ODONTOLOGIA;-21.234237;-50.585862213;ARMANDO SALES DE OLIVEIRA;188;CENTRO
382507;Caiu em cidade errada. Esperado: IBGE 310160;310160;CEPREV;-21.2;-45.4;CHACARA FLORA;S/N;ZONA RURAL
407097;Caiu em cidade errada. Esperado: IBGE 315210;315210;LAIS GONCALVES BRASIL;-19.7741291;-43.8667826;NOSSA SENHORA DAS GRACAS;269;GUARAPIRANGA
413615;Caiu em cidade errada. Esperado: IBGE 220110;220110;UBS BATALHA;-9.9907669706;-44.0371733056;VILA BATALHA;S/N;ZONA RURAL
421774;Caiu em cidade errada. Esperado: IBGE 251597;251597;POLO ACADEMIA DA SAUDE DE SOBRADO;-7.144;-35.239;CONJUNTO ANA CELIA DE OLIVEIRA MELO;S/N;CENTRO
422231;Caiu em cidade errada. Esperado: IBGE 315780;315780;CLINICA INCLUSAO;-19.9320413061;-43.9233398438;BRASILIA;1446;DUQUESA I SAO BENED
423327;Caiu em cidade errada. Esperado: IBGE 330420;330420;LACLIN LABORATORIO ANALISES CLINICAS DE BARRA MANSA LTD;-22.488139;-44.554539;RUA VIA MARGINAL;193;TERRAS ALPHA
429066;Fora do Brasil ou no mar;330330;DENTAL4KIDS;-22.911183;-43.10616;RUA CORONEL MOREIRA CESAR;160;ICARAI
446157;Caiu em cidade errada. Esperado: IBGE 241200;241200;PRONTO ATENDIMENTO ZONA NORTE;-5.7756936;-35.2537971;BACHAREL TOMAZ LANDIM;593;JARDIM LOLA
451185;Caiu em cidade errada. Esperado: IBGE 354130;354130;CONSULTORIO RODRIGO MORENO NAKATA;-21.8124207845;-52.2811889648;ANTONIO VENANCIO LOPES;771;CENTRO
451959;Caiu em cidade errada. Esperado: IBGE 522160;522160;CONSULTORIO ODONTOLOGICO;-15.226724;-49.3224596;RUA GOIAS;S/N;CENTRO
471992;Caiu em cidade errada. Esperado: IBGE 251597;251597;AMBULANCIA BASICA TIPO A;-7.143398;-35.237267;RUA MANOEL DE SALES;S/N;CENTRO
480754;Caiu em cidade errada. Esperado: IBGE 293010;293010;FARMACIA PAGUE MENOS;-10.50742865;-40.3204797315;PRACA DOUTOR JOSE GONCALVES;312;CENTRO
484903;Caiu em cidade errada. Esperado: IBGE 291390;291390;CAF CENTRAL DE ABASTECIMENTO FARMACEUTICO;-14.12654;-39.397521;RUA 02 DE DEZEMBRO;S/N;CENTRO
486434;Caiu em cidade errada. Esperado: IBGE 261590;261590;CENTRAL MUNICIPAL DE REDE DE FRIO DE TUPARETAMA;-7.6019802602;-37.3108577728;RUA FARMECEUTICO ALEIXINHO;5;CENTRO
487392;Caiu em cidade errada. Esperado: IBGE 312980;312980;UNIDADE DE SAUDE OURO NEGRO B;-19.989067;-44.109924;RUA BELGICA;182;PETROVALE
501921;Caiu em cidade errada. Esperado: IBGE 293160;293160;ACADEMIA DA SAUDE TEOLANDIA;-13.601106;-39.489385;RUA DA FEIRA LIVRE;S/N;CENTRO
501964;Caiu em cidade errada. Esperado: IBGE 293160;293160;ACADEMIA DA SAUDE DE BURIETA;-13.601106;-39.489385;RUA DA PISTA;S/N;BURIETA
504726;Caiu em cidade errada. Esperado: IBGE 312830;312830;CLINICA VIDA NOVA;-21.103;-46.285;GUARANESIA A SERRINHA A 12 KM;S/N;ZONA RURAL
507172;Caiu em cidade errada. Esperado: IBGE 231060;231060;LABORATORIO DE ANALISES CLINICAS SAO LUCAS;-7.829523;-39.075847;RUA NOSSA SENHORA DO SOCORO;129;CENTRO
511005;Caiu em cidade errada. Esperado: IBGE 240375;240375;POLO DE ACADEMIA DA SAUDE JOAO MARIA VILELA CID;-5.6953236987;-36.526901722;RUA EX COMBATENTE ULISSES XAVIER DE SOUZA;S/N;MIGUEL TRINDADE
514721;Caiu em cidade errada. Esperado: IBGE 270740;270740;POSTO DE SAUDE SALINAS;-9.1537586638;-35.2971920371;RUA 09 DE JUNHO;S/N;SALINAS
552739;Caiu em cidade errada. Esperado: IBGE 431020;431020;IJUI RS UNIDADE D N 61;-27.9458862218;-54.5141601562;PORTO ALEGRE;S/N;DISTRITO INDUSTRIAL
553379;Caiu em cidade errada. Esperado: IBGE 330180;330180;CENTRAL DE REDE DE FRIO;-22.55;-43.678;RUA ARLINDO NUNES;28;CENTRO
553395;Caiu em cidade errada. Esperado: IBGE 330180;330180;CENTRO DE IMUNIZACAO;-22.5463997;-43.6729033;RUA ARLINDO NUNES;28;CENTRO
561096;Caiu em cidade errada. Esperado: IBGE 351130;351130;CENTRO TERAPEUTICO MENSAGEIRO DA PAS;-20.54032;-49.17071;ESTRADA MUNICIPAL BEATO MARIANO LAMATA APARICIO;330;JARDIM INVERNADA
602272;Caiu em cidade errada. Esperado: IBGE 420670;420670;H MED;-27.1753619742;-51.4968252182;RUI BARBOSA;117;CENTRO
605875;Fora do Brasil ou no mar;330330;CLINICA GERAL E INTENSIVA DE NITEROI LTDA;-22.9054462423;-43.1124836142;RUA CORONEL MOREIRA CESAR;160;ICARAI
624012;Caiu em cidade errada. Esperado: IBGE 354130;354130;MED AGORA PRESIDENTE EPITACIO;-21.731915661;-52.1476364136;PRESIDENTE VARGAS;172;CENTRO
638056;Caiu em cidade errada. Esperado: IBGE 312520;312520;COMPLEXO REGULADOR DE FAMA;-21.4365;-45.9055;RUA ANTONIO FERREIRA DE MORAES;S/N;CENTRO
647020;Caiu em cidade errada. Esperado: IBGE 431454;431454;CLAUDIA BIGOLIN;-29.6100949;-51.1600489;SETE DE SETEMBRO;36;CENTRO
649422;Caiu em cidade errada. Esperado: IBGE 220750;220750;LRPD DE PALMEIRAIS;-5.978;-43.063;AV CENTRAL;S/N;CENTRO
653713;Caiu em cidade errada. Esperado: IBGE 351907;351907;ESPACO TERAPEUTICO MENTE SAUDAVEL;-22.8833119627;-47.1572899818;VELHA DE CAMPINAS MONTE MOR;200;PARQUE PERON
659517;Caiu em cidade errada. Esperado: IBGE 316770;316770;CENTRO DE VIGILANCIA SANITARIA;-19.146;-42.553;PRACA DR RUSVEL RAIMUNDO DA ROCHA;49;CENTRO
669970;Caiu em cidade errada. Esperado: IBGE 430350;430350;FSSV SERVICOS DE ASSISTENCIA SOCIAL LTDA;-30.777100318;-52.100049559;COLOMBIA;2228;FLORESTA
671711;Fora do Brasil ou no mar;330330;TGL ANESTESIOLOGIA E CIRURGIA;-22.9073199;-43.1102423;RUA CORONEL MOREIRA CESAR;160;ICARAI
692530;Caiu em cidade errada. Esperado: IBGE 522020;522020;EQUOTERAVIDA;-13.275;-50.613;R 03;1156;SETOR OESTE
692913;Caiu em cidade errada. Esperado: IBGE 421870;421870;ROMA CLINICA DE RADIOLOGIA E DERMATOLOGIA;-28.450115;-48.9592134;MONTEIRO LOBATO;133;CENTRO
694509;Caiu em cidade errada. Esperado: IBGE 241410;241410;MAIS SAUDE;-6.28;-38.104;RUA JOSE MOREIRA DO NASCIMENTO;148;CENTRO
695572;Caiu em cidade errada. Esperado: IBGE 421970;421970;CENTRO DA VISAO;-26.913;-52.081;RUI BARBOSA;44;CENTRO
705667;Caiu em cidade errada. Esperado: IBGE 231230;231230;POSTO DE SAUDE UMBURANA;-4.067064;-41.036877;SITIO UMBURANA;S/N;ST UMBURANA
731137;Fora do Brasil ou no mar;420500;BEM ESTAR CLINICA DE FISIOTERAPIA;-26.25354698;-53.6548796;DOM PEDRO II;870;CENTRO
732494;Caiu em cidade errada. Esperado: IBGE 354140;354140;TATIANA BAVARESCO MACEDO;-22.222738;-51.435477;RUA ERNESTO BROGIATTO;108;JARDIM BALNEARIO
745308;Caiu em cidade errada. Esperado: IBGE 320500;320500;CENTRO CAPIXABA DE EQUOTERAPIA SERUM ESP TERAPEUTICAS;-20.2506618;-40.2649953;RUA RUI BARBOSA;795;NOSSA SENHORA DE FAT
759465;Caiu em cidade errada. Esperado: IBGE 290620;290620;CLINICA SANTA MARIA;-11.6792189462;-41.7693114281;MONSENHOR JOSE S FRANCA;26;CENTRO DE SALOBRO
760757;Caiu em cidade errada. Esperado: IBGE 290430;290430;CENTRAL MUNICIPAL DE REDE DE FRIO BREJOES;-12.7277751;-39.1812320465;TRAVESSA MILTON GALVAO;S/N;CENTRO
767093;Caiu em cidade errada. Esperado: IBGE 320510;320510;AMAR;-20.2327;-40.2944;ROD BR 262 KM 24 5 SITIO VALE ESPERANCA;S/N;VARGEM GRANDE
769452;Caiu em cidade errada. Esperado: IBGE 293010;293010;SAMU 2;-10.3037725424;-40.1686120033;RODOVIA LOMANTO JUNIOR;102;KM 307
769703;Caiu em cidade errada. Esperado: IBGE 314000;314000;CONSULTORIO ODONTOLOGICO SEMIM;-19.93881;-43.92621;AVENIDA DO CONTORNO;325;SAO SEBASTIAO
807214;Caiu em cidade errada. Esperado: IBGE 420580;420580;CENTRO OPTOMETRICO GARUVA LTDA;-25.4770248;-49.3403279;PARANA;703;CENTRO
808318;Caiu em cidade errada. Esperado: IBGE 510336;510336;UNIDADE BASICA DE SAUDE INDIGENA ALDEI SARARE SERRA DA BORDA;-14.7692389282;-59.6306991577;RESERVA INDIGINA;S/N;RURAL
813672;Caiu em cidade errada. Esperado: IBGE 210150;210150;CENTRO DE REABILITACAO AIDA ARAUJO DE CARVALHO;-6.7587813;-43.0261822;AV AGRIPINO SILVERIO;1035;CENTRO
813915;Caiu em cidade errada. Esperado: IBGE 412860;412860;CLINICA GUTIERREZ;-25.7594550734;-52.9514215303;RUA 03;435;DONA ELIA
816191;Caiu em cidade errada. Esperado: IBGE 150030;150030;EDITH BATISTA COSTA DO MARAJO;-0.1140485;-50.2865565;COSTA DO MARAJO;S/N;ZONA RURAL
817155;Caiu em cidade errada. Esperado: IBGE 530010;530010;GLOBAL CARE;-15.42;-47.92;SHLS QUADRA 716 CONJUNTO B BLOCO 5;S/N;ASA SUL
818704;Caiu em cidade errada. Esperado: IBGE 120042;120042;UNIDADE BASICA DJALMA GOMES DA SILVA;-7.837533817;-72.6893234253;COMUNIDADE LUZEIRO II;S/N;ZONA RURAL
822620;Caiu em cidade errada. Esperado: IBGE 251203;251203;UBS ANCORA DE TANQUES;-6.394907795;-38.5916769505;DISTRITO TANQUES;S/N;ZONA RURAL
826553;Caiu em cidade errada. Esperado: IBGE 150060;150060;LABORATORIO SANTA MONICA;-3.0966358718;-52.0971679688;SAO JORGE;496;CASTELO DE SONHOS
828580;Caiu em cidade errada. Esperado: IBGE 172100;172100;CENTER X;-10.2585932;-48.414893612;RUA 12 SN QUADRA69 LOTE 08 SALA 02;S/N;JARDIM AURENY II
843032;Caiu em cidade errada. Esperado: IBGE 130240;130240;POLO BASE SAO FRANCISCO;-7.153945;-65.213901;TERRA INDIGENA JARAWARA;S/N;TERRA INDIGENA
843059;Caiu em cidade errada. Esperado: IBGE 500345;500345;ESTRATEGIA DE SAUDE DA FAMILIA JARDIM ALVORADA;-22.949324;-54.565272;RUA JOAQUIM PRATES DE SOUZA;S/N;JARDIM ALVORADA
845442;Caiu em cidade errada. Esperado: IBGE 316890;316890;CONSULTORIO ODONTOLOGICO DOUTORA PABLINY OLIVEIRA;-19.014;-45.574;PRACA SANTO ANTONIO;408;CENTRO
846414;Caiu em cidade errada. Esperado: IBGE 221035;221035;POLO ACADEMIA SAUDE INGAZEIRA;-9.0583631156;-42.3220825195;LOC INGAZEIRA;S/N;ZONA RURAL
850969;Caiu em cidade errada. Esperado: IBGE 270210;270210;L A CLINICA;-8.9087938999;-35.7221746445;LARGO DO MERCADO;166;CENTRO
852767;Fora do Brasil ou no mar;422000;UNIDADE DE SAUDE BARRA VELHA;-28.8767399834;-49.2334345;JOSE MANOEL BORGES;S/N;BARRA VELHA
860433;Caiu em cidade errada. Esperado: IBGE 330130;330130;SAO LUCAS BIOMEDICINA DIAGNOSTICA;-22.2828;-42.1149;RUA PASTOR LUIS LAURENTINO;490;VILA MATARUNA
874779;Caiu em cidade errada. Esperado: IBGE 522045;522045;EPRON ODONTOLOGIA;-16.6580924;-49.1773565;ADEMAR DE BARROS;S/N;SETOR CENTRAL 1 JAR
879665;Caiu em cidade errada. Esperado: IBGE 241200;241200;MULTIFONO;-5.7773832608;-35.2511358261;BACHAREL TOMAZ LANDIM;1557;JARDIM LOLA
911887;Caiu em cidade errada. Esperado: IBGE 230428;230428;ALIMENTE NUTRICAO E PSICOLOGIA;-3.8578371;-38.4719022;EUSEBIO DE QUEIROZ;101;PARNAMIRIM
913286;Caiu em cidade errada. Esperado: IBGE 520540;520540;DP GRUPO MEDICO;-15.3103568;-49.1233211;BRASIL;902;CENTRO
916056;Caiu em cidade errada. Esperado: IBGE 420670;420670;LABORATORIO SAO FRANCISCO;-27.1728231055;-51.4970397949;RUA FREI EDGAR 129 JOACABA;129;CENTRO
921629;Caiu em cidade errada. Esperado: IBGE 150553;150553;UNIDADE BASICA DE SAUDE ALBANY;-5.7259325501;-50.1208989456;VILA ALBANY;S/N;ZONA RURAL
921769;Caiu em cidade errada. Esperado: IBGE 420600;420600;CLINICA FIRMARE SAUDE E BEM ESTAR;-27.7786;-48.6276;RODOVIA FRANCISCO WOLLINGER;350;AREIAS DE CIMA
923796;Fora do Brasil ou no mar;311615;OFTALMO CENTER;-45.625584;-15.299808;GETULIO VARGAS;656;CENTRO
926078;Caiu em cidade errada. Esperado: IBGE 320510;320510;HD CLINICA MEDICA LTDA;-20.2324;-40.2946;AV HOZACHE FERREIRA BRANT;S/N;MARCILIO DE NORONHA
935050;Caiu em cidade errada. Esperado: IBGE 420670;420670;NATHALIA MORES;-27.1751901729;-51.4997193217;INDUSTRIAL;64;CENTRO
937789;Fora do Brasil ou no mar;410880;CLINICA MEDICA CHRISTOFER MORAES BALEN;-24.0851053;-54.62;RUA RUI BARBOSA;20;CENTRO
942898;Caiu em cidade errada. Esperado: IBGE 510340;510340;IMATI;-15.6463723;-56.0943398;DO SEMINARIO;141;DOM AQUINO
946672;Caiu em cidade errada. Esperado: IBGE 320500;320500;SERUM TERAPIAS;-20.2505954;-40.2627589;RUI BARBOSA;795;DE FATIMA
949949;Caiu em cidade errada. Esperado: IBGE 280370;280370;POSTO DE SAUDE VALTER VICENTE DE SOUZA;-10.613859;-37.645884;POVOADO MANUINO;0;ZONA RURAL
960985;Caiu em cidade errada. Esperado: IBGE 210650;210650;USF VILA CARDOSO;-2.9265863;-44.9362329;RODOVIA MA 14;2;VILA CARDOSO
965537;Fora do Brasil ou no mar;251190;POLICLINICA MUNICIPAL;-7.5312508;-34.8216632;RUA A;12;CENTRO
966274;Caiu em cidade errada. Esperado: IBGE 150835;150835;POSTO DE SAUDE INDIGENA PAQUICAMBA;-3.160267;-51.511428;ALDEIA PAQUICAMBA;00;ZONA RURAL
966282;Caiu em cidade errada. Esperado: IBGE 150835;150835;POSTO DE SAUDE INDIGENA FURO SECO;-3.11417;-51.502375;ALDEIA FURO SECO;00;ZONA RURAL
966304;Caiu em cidade errada. Esperado: IBGE 150835;150835;POSTO DE SAUDE INDIGENA BOA VISTA;-3.240836;-51.550159;ALDEIA BOA VISTA;00;ZONA RURAL
966320;Caiu em cidade errada. Esperado: IBGE 150835;150835;POSTO DE SAUDE INDIGENA MIRATU;-3.200738;-51.45584;ALDEIA MIRATU;00;ZONA RURAL
967777;Caiu em cidade errada. Esperado: IBGE 316257;316257;POSTO DE COLETA LABORATORIO SAO JOSE;-18.6858612806;-41.1938273907;RUA SEBASTIAO VICENTE MENDES;164;VARGEM GRANDE
982644;Fora do Brasil ou no mar;211130;ODONTOCOMPANY;-2.098;-44.2644;NORTE;145;COHATRAC II
983888;Caiu em cidade errada. Esperado: IBGE 410260;410260;BEST PHARMA;-26.25145;-53.63855;RUA RIO DE JANEIRO;153;CENTRO
985007;Caiu em cidade errada. Esperado: IBGE 230360;230360;UNIDADE BASICA DE SAUDE DE MONTE ALEGRE;-6.1132458487;-39.9462890625;SITIO MONTE ALEGRE;S/N;MONTE ALEGRE
985724;Caiu em cidade errada. Esperado: IBGE 250370;250370;UNIDADE BASICA DE SAUDE MUTIRAO III;-7.1226992;-38.5040543;RUA PROJETADA;S/N;MUTIRAO III
986410;Caiu em cidade errada. Esperado: IBGE 210990;210990;MEARIM SERVICOS NEFROLOGICOS;-4.2951453;-45.2502304;RUA GRANDE;312;CENTRO
994014;Caiu em cidade errada. Esperado: IBGE 231290;231290;CLINICA SANTA MARIA;-3.1225569;-40.148858;RUA PARSIFAL BARROSO;S/N;CENTRO
996491;Caiu em cidade errada. Esperado: IBGE 330070;330070;RENATA FERRER DE OLIVEIRA;-22.8403819;-42.1020153;RUA EURICO COELHO;45;CENTRO
1053590;Caiu em cidade errada. Esperado: IBGE 293070;293070;UNICAPACITA DAY HOSP LABSIM CIENC SAUDE UNIDOM;-12.9911773;-38.5183158;AV LEOVIGILDO FILGUEIRAS ED FRANCO;530;GARCIA
1076728;Caiu em cidade errada. Esperado: IBGE 355030;355030;THALES ROGERIO DOS SANTOS;-23.6742783;-46.4601261;AVENIDA DOM JOSE GASPAR;11;MATRIZ MAUA
1091255;Caiu em cidade errada. Esperado: IBGE 315210;315210;CNES REMOVIDO;-20.1626169;-42.9669473;RUA MARECHAL DEODORO;21;PALMEIRAS
1097318;Caiu em cidade errada. Esperado: IBGE 353440;353440;JANAINA LIMA NONATO;-23.5518278;-46.7607991;R BENEDITO SOARES FERNANDES;14;VILA YARA
1114980;Fora do Brasil ou no mar;330260;JORGE LUIZ VIEIRA DA SILVA;-22.96;-44.041;AV B LOTE H;S/N;SAHY
1148214;Caiu em cidade errada. Esperado: IBGE 313130;313130;ALEKSANDRA ELIAS DA SILVA;-19.4195970861;-42.5506045619;R PIAU;923;GRANJAS VAGALUME
2000547;Caiu em cidade errada. Esperado: IBGE 120020;120020;UNIDADE DE SAUDE DA FAMILIA LUIZ GONZAGA;-7.7249828995;-72.7393627167;SERINGAL SAO PEDRO;S/N;SAO PEDRO
2001055;Caiu em cidade errada. Esperado: IBGE 120017;120017;UNIDADE MOVEL TERRESTRE;-9.9486537;-67.85129739999999;AVENIDA GOVERNADOR EDMUNDO PINTO;125;CENTRO
2001179;Caiu em cidade errada. Esperado: IBGE 120060;120060;POSTO DE SAUDE ESPERANCA;-8.4863535;-70.1234486;BR 364 SENTIDO FEIJO;S/N;CONJ ESPERANCA
2001918;Caiu em cidade errada. Esperado: IBGE 120020;120020;POSTO DE SAUDE PARANA DOS MOURAS;-7.927712757557773;-73.08751174332264;ALTO JURUA;S/N;ZONA RURAL
2002574;Caiu em cidade errada. Esperado: IBGE 120060;120060;POSTO DE SAUDE SAO PEDRO;-8.89655457052519;-71.28699002165453;RIO MURU;S/N;RIO MURU
2002582;Caiu em cidade errada. Esperado: IBGE 120060;120060;POSTO DE SAUDE ALAGOAS;-8.8208272;-71.8251871;SERINGAL ALAGOAS;S/N;RIO TARAUACA
2004453;Caiu em cidade errada. Esperado: IBGE 270440;270440;UNIDADE DE VIGILANCIA SANITARIA DE MAJOR ISIDORO;-9.3997346;-36.9964423;RUA MAJOR BENEVIDES MONTE;S/N;CENTRO
2007274;Caiu em cidade errada. Esperado: IBGE 270420;270420;POSTO DE SAUDE POCO DA PEDRA;-9.701708799999999;-36.3469074;SITIO POCO DA PEDRA;S/N;ZONA RURAL
2007371;Caiu em cidade errada. Esperado: IBGE 270420;270420;POSTO DE SAUDE POCAO;-9.692007;-36.57435;SITIO POCAO;S/N;ZONA RURAL
2007851;Fora do Brasil ou no mar;270470;UNIDADE DE SAUDE DA FAMILIA FRANCES;-9.769428;-35.840704;AVENIDA DOS CORAIS;S/N;FRANCES
2008513;Caiu em cidade errada. Esperado: IBGE 270310;270310;UNIDADE DE SAUDE DA FAMILIA DE CARAIBINHAS;-9.48817;-36.69056;POVOADO CARAIBINHAS;S/N;ZONA RURAL
2008599;Caiu em cidade errada. Esperado: IBGE 270010;270010;ESF QUIXABEIRA;-9.1543;-37.5617;POVOADO QUIXABEIRA;S/N;ZONA RURAL
2008629;Caiu em cidade errada. Esperado: IBGE 270010;270010;ESF DO ESTREITO;-9.1543;-37.5617;SITIO ESTREITO;S/N;ZONA RURAL
2009412;Fora do Brasil ou no mar;270360;UNIDADE DE SAUDE CECILIANO COELHO PS DE BARREIRAS;-9.1224785108;-35.2751684189;RUA NOSSA SENHORA DA PENHA;S/N;CENTRO
2010550;Caiu em cidade errada. Esperado: IBGE 270630;270630;USF BOA SORTE;-9.24252;-36.37408;FAZENDA BOA SORTE;S/N;ZONA RURAL
2010577;Caiu em cidade errada. Esperado: IBGE 270630;270630;USF CANAFISTULA;-9.425;-36.374;RUA AURELIO B DE HOLANDA POVOADO CANAFISTULA;20;ZONA RURAL
2010984;Caiu em cidade errada. Esperado: IBGE 270630;270630;POSTO DE SAUDE LAGOA DO CALDEIRAO;-9.5081899;-36.55200980000001;POVOADO LAGOA DO CALDEIRAO;S/N;ZONA RURAL
2011018;Caiu em cidade errada. Esperado: IBGE 270630;270630;USF CORURIPE DA CAL;-9.2425;-36.374;POVOADO CORURIPE DA CAL;120;ZONA RURAL
2016087;Caiu em cidade errada. Esperado: IBGE 130260;130260;UNIDADE DE APOIO RURAL LAGO DO ARUMA;-3.122137;-59.217394;COMUNIDADE N SRA DA CONCEICAO LAGO DO ARUMA;0001;ZONA RURAL
2016761;Caiu em cidade errada. Esperado: IBGE 130300;130300;POSTO DE SAUDE MUN SAGR CORACAO DE JESUS DO ADUACA;-2.3813991387;-56.9900536537;COMUNIDADE ADUACA;S/N;ZONA RURAL
2018438;Caiu em cidade errada. Esperado: IBGE 130320;130320;POSTO DE SAUDE RURAL JAU PERIS;-22.3023754;-48.5723053;COMUNIDADE DO JAU PERIS;S/N;AREA RURAL
2018454;Caiu em cidade errada. Esperado: IBGE 130320;130320;POSTO DE SAUDE RURAL PALESTINA;-20.3910655;-49.43413839999999;COMUNIDADE PALESTINA;S/N;PALESTINA
2019736;Caiu em cidade errada. Esperado: IBGE 160053;160053;SES AP HOSPITAL MARIA LUCIA GUIMARAES DA SILVA;-0.56553;-51.71181;AVENIDA 08 DE AGOSTO;336;CENTRO
2020319;Caiu em cidade errada. Esperado: IBGE 160040;160040;PM MZG POSTO DE SAUDE IGARAPE DO LAGO;0.0731887;-51.442577;VILA DO IGARAPA DO LAGO;01;V IGARAPA DO LAGO
2020335;Caiu em cidade errada. Esperado: IBGE 160040;160040;PM MZG POSTO DE SAUDE SANTA ANA;-28.7542022;-49.4834704;COMUNIDADE SANTA ANA;01;C SANTA ANA
2020351;Caiu em cidade errada. Esperado: IBGE 160040;160040;PM MZG POSTO DE SAUDE TERRA ALTA;-1.0389593;-47.90685149999999;COMUNIDADE TERRA ALTA;01;C TERRA ALTA
2020386;Caiu em cidade errada. Esperado: IBGE 160040;160040;PM MZG POSTO DE SAUDE TABATINGA;-4.231455599999999;-69.9369359;COMUNIDADE TABATINGA;01;C TABATINGA
2021900;Caiu em cidade errada. Esperado: IBGE 160010;160010;PM APA UBS CALAFATE;2.1733125008;-50.8957958221;COMUNIDADE DO CALAFATE;S/N;CALAFATE
2022028;Fora do Brasil ou no mar;160040;PM MZG POSTO DE SAUDE AJUDANTE DO RIO;-22.9068467;-43.1728965;DISTRITO DE MAZAGAO;S/N;MAZAGAO
2031507;Caiu em cidade errada. Esperado: IBGE 354850;354850;SECAO DE VIGILANCIA SANITARIA SEVISA;-24.1051012;-46.6555203;RUA XV DE NOVEMBRO;195;CENTRO
2035790;Caiu em cidade errada. Esperado: IBGE 353520;353520;PAS JARDIM DOS PIONEIROS PALMEIRA DOESTE;-22.1403698;-51.4066826;PRACA DOS PIONEIROS;S/N;CENTRO
2046571;Caiu em cidade errada. Esperado: IBGE 351500;351500;UBS RESSACA;-23.6768769;-46.8828174;ESTRADA RESSACA;350;RESSACA
2047217;Fora do Brasil ou no mar;352230;PAS BAIRRO DO BARRO BRANCO;-23.7270604;-45.399223;BAIRRO BARRO BRANCO;S/N;BARRO BRANCO
2048833;Caiu em cidade errada. Esperado: IBGE 352240;352240;UNIDADE DE SAUDE PACOVA;-24.0186354115;-48.6858272552;PRACA PACOVA;41;PACOVA
2051613;Caiu em cidade errada. Esperado: IBGE 351610;351610;CENTRO DE SAUDE DE FLORINEA;-22.99483;-50.729734;RUA VITALINA MARIA DE JESUS;728;CENTRO
2061015;Caiu em cidade errada. Esperado: IBGE 352840;352840;III UNIDADE DE SAUDE DA FAMILIA DONA CATARINA MAIRINQUE;-23.423958;-47.2445078;DONA CATARINA;S/N;DONA CATARINA
2061058;Caiu em cidade errada. Esperado: IBGE 354280;354280;POSTO DE SAUDE BAIRRO DO SALTINHO RIBEIRA;-24.7138741862;-48.1081223488;RUA MARIO COVAS;100;SALTINHO
2074265;Caiu em cidade errada. Esperado: IBGE 354850;354850;SECAO DE VIGILANCIA EPIDEMIOLOGICA SEVIEP;-24.1051012;-46.6555203;RUA XV DE NOVEMBRO;195;CENTRO
2079755;Caiu em cidade errada. Esperado: IBGE 353590;353590;HOSPITAL SANTO ANTONIO PARANAPUA;-22.6126745;-46.699658;AVN BARAO DE SERRA NEGRA;2333;CENTRO
2083728;Caiu em cidade errada. Esperado: IBGE 351630;351630;USF DO PARQUE PAULISTA;-23.302687;-46.735067;RUA AVARE;152;PARQUE PAULISTA
2084678;Caiu em cidade errada. Esperado: IBGE 353120;353120;UNIDADE DE SAUDE DA FAMILIA DOS LIMAS;-22.7154691925;-46.7031598091;EST VICINAL MONTE ALEGRE DO SUL TUIUTI;S/N;LIMAS
2084791;Caiu em cidade errada. Esperado: IBGE 354850;354850;SINDICATO DOS HOTELEIROS;-22.9121205;-45.9592672;RUA XV DE NOVEMBRO;28;CENTRO
2093243;Caiu em cidade errada. Esperado: IBGE 355360;355360;POSTO DE ATENDIMENTO DA FAZ LIMEIRA;-22.5838179;-47.4097569;FAZENDA LIMEIRA;S/N;ZONA RURAL
2103427;Caiu em cidade errada. Esperado: IBGE 317150;317150;PROGRAMA SAUDE DA FAMILIA DE MATHIAS LOBATO;-18.5737280048;-41.9148105383;RUA BATISTA MIRANDA;S/N;CENTRO
2104245;Caiu em cidade errada. Esperado: IBGE 313520;313520;POSTO DE SAUDE VARZEA BONITA;-18.5927808;-46.5240821;VARZEA BONITA;S/N;ZONA RURAL
2104350;Caiu em cidade errada. Esperado: IBGE 313520;313520;POSTO DE SAUDE DE ESTIVA;-22.465012;-46.0157038;POVOADO DE ESTIVA;S/N;ZONA RURAL
2105403;Caiu em cidade errada. Esperado: IBGE 312430;312430;POSTO DE SAUDE DE PERNAMBUCO;-8.8137173;-36.954107;POVOADO DE PERNAMBUCO;S/N;ZONA RURAL
2112159;Caiu em cidade errada. Esperado: IBGE 313820;313820;PROGRAMA DE SAUDE DA FAMILIA 03;-19.76247;-43.95123;RUA PEDESTRES;40;CAMINHO DAS AGUAS
2116332;Caiu em cidade errada. Esperado: IBGE 313460;313460;JABOTICATUBAS POSTO DE SAUDE PEDRO PINTO DOS SANTOS;-7.799338199999998;-35.5853792;COMUNIDADE DE BOM JARDIM;001;ZONA RURAL
2117908;Caiu em cidade errada. Esperado: IBGE 314225;314225;POSTO DE SAUDE DE PANELINHA;-14.7801939757;-44.2879486084;COMUNIDADE RURAL DE PANELINHA I;S/N;ZONA RURAL
2118122;Caiu em cidade errada. Esperado: IBGE 317100;317100;POSTO DE SAUDE DE RIO ESCURO;-17.57682217697782;-46.75767955435679;RUA A;03;ZONA RURAL
2118432;Caiu em cidade errada. Esperado: IBGE 311340;311340;ESF SAO CANDIDO;-20.371458;-42.213214;PRACA GUILHERMINO DE OLIVEIRA;S/N;CENTRO
2118742;Caiu em cidade errada. Esperado: IBGE 312770;312770;LABORATORIO ANALISE;-19.020577111;-42.0446777344;BARBARA HELIODORA;700;CENTRO
2119137;Caiu em cidade errada. Esperado: IBGE 312770;312770;ESF SANTA RITA III E IV E EAP SANTA RITA;-18.9817576;-41.9845453;RUA CASTELO BRANCO;S/N;SANTA RITA
2120240;Caiu em cidade errada. Esperado: IBGE 313330;313330;POSTO DE SAUDE CORREGO NOVO;-19.8316937;-42.4019565;COMUNIDADE CORREGO NOVO;S/N;ZONA RURAL
2133296;Caiu em cidade errada. Esperado: IBGE 311350;311350;POSTO DE SAUDE DE ABADIA;-17.4218;-43.711;PRACA DA ABADIA;S/N;POVOADO DE ABADIA
2133490;Caiu em cidade errada. Esperado: IBGE 312100;312100;POSTO DE SAUDE DE CUBAS;-18.5598555334;-43.681640625;CUBAS;S/N;ZONA RURAL
2133709;Caiu em cidade errada. Esperado: IBGE 313400;313400;CONSULTORIO ODONTOLOGICO CENTRO;-19.919168;-43.9386558;AV EXPEDICIONARIO DAVID TURIBIO;S/N;CENTRO
2134055;Caiu em cidade errada. Esperado: IBGE 311230;311230;POSTO DE SAUDE BOM JESUS DO GALEGO;-17.4855223;-42.5715772;BOM JESUS DO GALEGO;S/N;ZONA RURAL
2134063;Caiu em cidade errada. Esperado: IBGE 311230;311230;POSTO DE SAUDE DE PONTE NOVA;-17.6415471;-42.6787408;PONTE NOVA;S/N;ZONA RURAL
2136260;Caiu em cidade errada. Esperado: IBGE 316600;316600;POSTO DE SAUDE DE SANTANA;-20.848359;-43.418186;PRACA NILO GONCALVES;S/N;SANTANA
2136279;Caiu em cidade errada. Esperado: IBGE 316600;316600;POSTO DE SAUDE DE PRUDENTES;-20.770631;-43.433837;COMUNIDADE RURAL DE PRUDENTES;S/N;ZONA RURAL
2141493;Caiu em cidade errada. Esperado: IBGE 312850;312850;POSTO DE SAUDE TANCREDO NEVES EQUIPE DO PSF VIVER BEM;-21.7246201445;-43.0566215515;RUA PE OSCAR DE OLIVEIRA;90;SAO PAULO
2145340;Caiu em cidade errada. Esperado: IBGE 313070;313070;POSTO DE SAUDE JOAO MIGUEL;-18.9374644296;-47.63671875;FAZENDA CAMPO ALEGRE;S/N;ZONA RURAL
2148552;Caiu em cidade errada. Esperado: IBGE 316790;316790;CENTRO DE APOIO A SAUDE DA FAMILIA DA IGREJINHA;-21.3130445999;-43.260383606;IGREJINHA;0;ZONA RURAL
2148900;Caiu em cidade errada. Esperado: IBGE 317200;317200;CENTRO DE SAUDE BEIRA RIO;-21.043;-42.5022;AVENIDA SINHO DRUMOND;S/N;CENTRO
2149028;Caiu em cidade errada. Esperado: IBGE 315580;315580;CENTRO DE APOIO A SAUDE DA FAMILIA DO BOM JARDIM;-22.1612313;-42.4211317;BOM JARDIM;S/N;ZONA RURAL
2156768;Caiu em cidade errada. Esperado: IBGE 312090;312090;CENTRO DE SAUDE IRMA MARTINHA;-18.756;-44.255;RUA FRANCISCO GABRIEL JOVITA;20;PASSAGINHA
2160544;Caiu em cidade errada. Esperado: IBGE 316820;316820;PSF DR WANTUIL PINTO ROSA;-19.888;-46.01;RUA TRAVESSA COM ANTONIO TEIXEIRA DA SILVA;105;CENTRO
2161311;Caiu em cidade errada. Esperado: IBGE 311970;311970;POSTO DE SAUDE SAO CAETANO;-23.6164434;-46.567958;SAO CAETANO;S/N;ZONA RURAL
2173298;Caiu em cidade errada. Esperado: IBGE 316250;316250;UBS CAQUENDE;-21.4174033;-44.4348321;PRACA NOSSA SENHORA DO CARMO;S/N;CAQUENDE
2181614;Caiu em cidade errada. Esperado: IBGE 312410;312410;ESMERALDAS POSTO DE SAUDE URUCUIA;-19.38361;-44.2123;PRACA CRISTIANO TEIXEIRA MELLO;1105;URUCUIA
2183013;Caiu em cidade errada. Esperado: IBGE 313695;313695;CENTRO DE SAUDE DE JUVENILIA;-14.2629689475;-44.1599965096;R JOSE OLIMPIO;800;CENTRO
2189828;Caiu em cidade errada. Esperado: IBGE 311860;311860;UNIDADE BASICA DE SAUDE AMOVEC;-19.9480375;-44.0100826;RUAANTONIO VIEIRA NUNES;29;VILA DOS ESPORTES
2190540;Caiu em cidade errada. Esperado: IBGE 311860;311860;UNIDADE BASICA DE SAUDE RETIRO;-19.7822536869;-44.1305090246;AVENIDA DOS IMIGRANTES;S/N;RETIRO
2194929;Caiu em cidade errada. Esperado: IBGE 311260;311260;CARLOS ROBERTO BOAVENTURA PORTILHO;-18.405983;-49.340659;AV 109;433;CENTRO
2198398;Caiu em cidade errada. Esperado: IBGE 314000;314000;MARIANA CONSULTORIO ODON JOSE CARLOS SWERTS ESTEVES;-19.9391121;-43.9326152;RUA ANTONIO DE ALBUQUERQUE;209;CENTRO
2199645;Caiu em cidade errada. Esperado: IBGE 311530;311530;POSTO DE SAUDE VISTA ALEGRE;-21.5286263;-42.6435239;RUA TIRADENTES;S/N;VISTA ALEGRE
2202522;Caiu em cidade errada. Esperado: IBGE 313540;313540;UAPS DE BITURI;-20.193;-43.356;RUA SESMARIA;S/N;BITURI ZONA RURAL
2203405;Caiu em cidade errada. Esperado: IBGE 314465;314465;POSTO DE SAUDE DE VEREDA DO PARAISO;-15.4925666564;-41.4539222275;RUA PRICNCIPAL;100;CENTRO
2207133;Fora do Brasil ou no mar;314590;POSTO DE SAUDE SAO FRANCISCO;38.7945952;-106.5348379;EUA 01;S/N;SAO FRANCISCO
2209810;Caiu em cidade errada. Esperado: IBGE 313270;313270;PSF VIVER COM SAUDE;-18.152;-41.422;DISTRITO DE GUARATAIA;2750;ZONA RURAL
2215187;Caiu em cidade errada. Esperado: IBGE 311180;311180;UNIDADE DE VIGILANCIA SANITARIA DE CANAPOLIS;-17.7951917;-48.6315196;RUA 03;327;CENTRO
2215209;Caiu em cidade errada. Esperado: IBGE 313420;313420;IMOT;-18.8344083;-50.1337118;AV 07;1169;CENTRO
2220105;Caiu em cidade errada. Esperado: IBGE 312770;312770;POSTO DE SAUDE ALTO SANTA HELENA;-18.6526526;-41.5724493;PRACA SANTA HELENA;299;ALTO SANTA HELENA
2220180;Caiu em cidade errada. Esperado: IBGE 313700;313700;CENTRO DE SAUDE DE LADAINHA;-17.3726;-41.4427;RUA BERNARDO DOS PASSOS;S/N;ESPLANADA
2223767;Caiu em cidade errada. Esperado: IBGE 430463;430463;POSTO DE SAUDE DE CURUMIN;-29.6243118;-49.940045;RUA BOROROS;000000001;CURUMIN
2223961;Caiu em cidade errada. Esperado: IBGE 432135;432135;POSTO MUNICIPAL DE SAUDE BUTIA II;-30.1180714;-51.9615981;LOCALIDADE DE BUTIAS;;3 DISTRITO
2225883;Caiu em cidade errada. Esperado: IBGE 431650;431650;POSTO DE SAUDE LINHA BONITA BAIXA;-29.5103028;-51.4596171;LINHA BONITA BAIXA;0;INTERIOR
2232863;Caiu em cidade errada. Esperado: IBGE 430605;430605;POSTO DE SAUDE DO CORDEIRO CRISTAL;-30.922843529;-51.9794082642;VILA CORDEIRO;S/N;VILA CORDEIRO
2234149;Caiu em cidade errada. Esperado: IBGE 430513;430513;UNIDADE SANITARIA SERRARIA SCHEIDT;-29.6658482;-52.9344336;SERRARIA SCHEIDT;33;INTERIOR
2236990;Caiu em cidade errada. Esperado: IBGE 430593;430593;POSTO DE SAUDE MUNICIPAL;-29.552222;-51.55555;RUA IRMA ANSELMA;50;CENTRO
2238268;Caiu em cidade errada. Esperado: IBGE 431330;431330;UNIDADE MOVEL DE SAUDE;-29.1901179;-53.6780233;AVN FERNANDO LUZZATTO;158;CENTRO
2238497;Caiu em cidade errada. Esperado: IBGE 431862;431862;POSTO DE SAUDE DA VARZEA;-28.5101298082;-49.7388517857;VILA VARZEA;S/N;VARZEA
2242982;Caiu em cidade errada. Esperado: IBGE 431110;431110;POSTO DE SAUDE BOCA DA PICADA;-29.8186967;-51.92627599999999;BOCA DA PICADA;S/N;3 DISTRITO
2244780;Caiu em cidade errada. Esperado: IBGE 430550;430550;POSTO DE SAUDE SANTA ROSA CIRIACO;-27.8700347;-54.4797042;SANTA ROSA;S/N;INTERIOR
2245027;Caiu em cidade errada. Esperado: IBGE 430750;430750;POSTO DE SAUDE CAMPO COMPRIDO ESPUMOSO;-29.0140615;-52.9242861;COMUNIDADE CAMPO COMPRIDO;S/N;INTERIOR
2247682;Caiu em cidade errada. Esperado: IBGE 431171;431171;UBS PASSO DO GOULART;-28.6761304331;-55.4644775391;PASSO DO GOULART;S/N;PASSO DO GOULART
2247712;Caiu em cidade errada. Esperado: IBGE 431171;431171;ESF ENCRUZILHADA;-28.9504756748;-55.6100463867;ENCRUZILHADA;S/N;INTERIOR
2248522;Caiu em cidade errada. Esperado: IBGE 430613;430613;POSTO DE SAUDE PRINCESA ISABEL CRUZALTENSE;-28.2962805;-52.7951214;LINHA PRINCESA ISABEL;S/N;PRINCESA ISABEL
2249936;Caiu em cidade errada. Esperado: IBGE 432230;432230;POSTO DE SAUDE LAJEADO ILHOTE;-29.4606311;-51.9679026;LAJEADO ILHOTE;S/N;INTERIOR
2250012;Caiu em cidade errada. Esperado: IBGE 430673;430673;POSTO DE SAUDE VILA PRANCHADA DR MAURICIO CARDOSO;-27.4900446;-54.255336;VILA PRANCHADA;S/N;VILA PRANCHADA
2250616;Caiu em cidade errada. Esperado: IBGE 432032;432032;POSTO DE SAUDE VILA OITO SENADOR SALGADO FILHO;-27.980078908;-54.5911610126;VILA OITO DE AGOSTO;S/N;INTERIOR
2257475;Caiu em cidade errada. Esperado: IBGE 432200;432200;UNIDADE DE SAUDE PORTO BATISTA;-29.957136;-51.6305446;AV BENTO GONCALVES;1320;PORTO BATISTA
2259397;Caiu em cidade errada. Esperado: IBGE 431770;431770;PS RINCAO DO MEIO;-28.4862135353;-55.5890393257;RINCAO DO MEIO;1;INTERIOR
2260018;Caiu em cidade errada. Esperado: IBGE 432040;432040;POSTO DE SAUDE SILVA JARDIM;-28.6455;-52.0262888889;RUA CALEANDRA;281;DIST SILVA JARDIM
2260980;Caiu em cidade errada. Esperado: IBGE 430970;430970;UNIDADE DO PACS;-27.5405998;-54.0296335;RUA GARIBALDI;395;CENTRO
2261723;Caiu em cidade errada. Esperado: IBGE 430660;430660;POSTO DE SAUDE TORQUATO SEVERO;-31.1492100108;-54.165687561;SUBPREFEITURA DE TORQUATO SEVERO;S/N;SUB DISTRITO T SEV
2267896;Caiu em cidade errada. Esperado: IBGE 330160;330160;POSTO DE SAUDE DE TRES BARRAS;-26.1207345;-50.3074231;SITIO TRES BARRAS;1;TRES BARRAS
2271680;Caiu em cidade errada. Esperado: IBGE 330120;330120;POSTO DE SAUDE AURORA;-21.9160542511;-42.663860321;FAZENDA AURORA;S/N;AURORA
2272105;Caiu em cidade errada. Esperado: IBGE 330205;330205;UNIDADE BASICA DE SAUDE SAO PEDRO PARAISO;-21.3683069552;-41.7214930058;USINA SAO PEDRO;S/N;SAO PEDRO
2272881;Caiu em cidade errada. Esperado: IBGE 330330;330330;LABSCARDIOLAB CENTRO;-22.745525;-43.4285358;RUA XV DE NOVEMBRO;134;CENTRO
2273942;Caiu em cidade errada. Esperado: IBGE 330620;330620;UNIDADE DE SAUDE DA FAMILIA SAGRADA FAMILIA DE NAZARETH;-22.4913329;-43.7165496;RUA SAO JOSE;118;ANDRADE COSTA
2277042;Caiu em cidade errada. Esperado: IBGE 330180;330180;UNIDADE DE SAUDE DA FAMILIA DA AGUADA;-22.5498975048;-43.6777997017;ESTRADA DE SACRA FAMILIA;1795;AGUADA
2277050;Caiu em cidade errada. Esperado: IBGE 330180;330180;CENTRO MUN DE FISIOTERAPIA REABILITACAO DRA RENATA SCHIAVO;-22.5498776877;-43.6779713631;ESTRADA DE SACRA FAMILIA;1795;AGUADA
2277085;Caiu em cidade errada. Esperado: IBGE 330180;330180;POSTO DE SAUDE DE PALMEIRA DA SERRA;-22.5497786019;-43.6780571938;RUA MANOEL DE LUCAS;S/N;PALMEIRA DA SERRA
2277115;Caiu em cidade errada. Esperado: IBGE 330180;330180;UNIDADE DE SAUDE DA FAMILIA DO RAMALHO;-22.5504127497;-43.6779928207;ESTRADA RJ 127;20998;RAMALHO
2277123;Caiu em cidade errada. Esperado: IBGE 330180;330180;UNIDADE DE SAUDE DA FAMILIA DE SACRA FAMILIA;-22.5498776877;-43.6781859398;RUA ROGER MALHARDES;250;SACRA FAMILIA
2277131;Caiu em cidade errada. Esperado: IBGE 330180;330180;POLICLINICA DE ENGENHEIRO PAULO DE FRONTIN;-22.5463303726;-43.6728429794;RUA ARLINDO NUNES;28;CENTRO
2277166;Caiu em cidade errada. Esperado: IBGE 330180;330180;UNIDADE DE VIGILANCIA SANITARIA E EPIDEMIOLOGIA;-22.5491333;-43.6874463;RUA SANTA IGNES;121;JARDIM NOVO RODEIO
2277174;Caiu em cidade errada. Esperado: IBGE 330180;330180;HOSPITAL NELSON SALLES;-22.546;-43.672;ARLINDO NUNES;28;CENTRO
2283409;Caiu em cidade errada. Esperado: IBGE 330180;330180;UNIDADE DE SAUDE DA FAMILIA MORRO AZUL;-22.549560613;-43.6787223816;RUA DUVALDINO FERREIRA DE SOUZA;282;MORRO AZUL
2285770;Caiu em cidade errada. Esperado: IBGE 330590;330590;POSTO DE SAUDE SAO CAETANO;-23.6164434;-46.567958;SAO CAETANO;S/N;2 DISTRITO
2289903;Caiu em cidade errada. Esperado: IBGE 330090;330090;POSTO DE SAUDE DE TRES IRMAOS;-21.6303830759;-41.9920367002;RUA GUININ GUINATIUS;S/N;CENTRO
2292300;Caiu em cidade errada. Esperado: IBGE 330530;330530;POSTO DE SAUDE DE BARRA MANSA;-22.5408519;-44.1772604;FAZ BARRA MANSA;S/N;BARRA MANSA
2300281;Caiu em cidade errada. Esperado: IBGE 421330;421330;UNIDADE SANITARIA VILA NOVA DE PONTE ALTA;-27.0391700925;-50.3808653355;BRANDEIRANTES;915;VILA NOVA
2300974;Caiu em cidade errada. Esperado: IBGE 420250;420250;UNIDADE SANITARIA MANTIQUEIRA;-28.26475;-49.7623933;INTERIOR;;MANTIQUEIRA
2303736;Caiu em cidade errada. Esperado: IBGE 420430;420430;PS SAO PAULO;-27.1250133;-52.3727026;SAO PAULO;11;CENTRO
2304880;Caiu em cidade errada. Esperado: IBGE 290323;290323;UBS MANOEL MIRANDA DE SOUZA LAGOA DO BOI;-11.7549619482;-41.9129920006;POVOADO DE LAGOA DO BOI;S/N;LAGOA DO BOI
2306360;Caiu em cidade errada. Esperado: IBGE 120045;120045;POSTO DE SAUDE ANTONIO DE CASTRO;-10.0644959;-67.7631207;RAMAL SANTA MARIA KM 14;S/N;ZONA RURAL
2306735;Caiu em cidade errada. Esperado: IBGE 210340;210340;UNIDADE BASICA DE SAUDE BONFIM;-4.3512039554;-43.2346343994;POVOADO BONFIM;S/N;POVOADO BONFIM
2306905;Caiu em cidade errada. Esperado: IBGE 210462;210462;CENTRO DE SAUDE ISABEL DE BRITO ESF ESB;-5.5423814;-44.1813084;POVOADO SAO JOAO DA MATA;02;ZONA RURAL
2307049;Caiu em cidade errada. Esperado: IBGE 210920;210920;HOSPITAL MUNICIPAL SANTO ANTONIO;-2.924191;-44.063669;RUA ANTERO APRIGIO COIMBRA;S/N;CENTRO
2311216;Caiu em cidade errada. Esperado: IBGE 211003;211003;UNIDADE DE SAUDE DA FAMILIA DO JACUNICAUA I;-2.5295824;-46.021708;POVOADO JACUNICAUA I;S/N;POVOADO JACUNICAUA I
2311577;Caiu em cidade errada. Esperado: IBGE 510335;510335;POSTO DE SAUDE INDIGENA ALDEIA URUBU BRANCO;-10.6715651;-51.3535986;ALDEIA URUBU BRANCO;S/N;ZONA RURAL
2312190;Caiu em cidade errada. Esperado: IBGE 150549;150549;POSTO DE SAUDE VILA JARBAS PASSARINHO;-5.6902206078;-48.2042527199;RUA PRINCIPAL;S/N;CENTRO
2312565;Caiu em cidade errada. Esperado: IBGE 150506;150506;POSTO DE SAUDE SAO VICENTE;-23.9603273;-46.3968727;VILA SAO VICENTE;50;ZONA RURAL
2312581;Caiu em cidade errada. Esperado: IBGE 150506;150506;POSTO DE SAUDE UNIAO;-5.5319514;-50.1922598;VILA UNIAO KM 225;S/N;DISTRITO DE MARACAJA
2312638;Caiu em cidade errada. Esperado: IBGE 150506;150506;POSTO DE SAUDE GLEBA BAIANA;-11.4098737;-41.2808577;GLEBA BAIANA;17;ZONA RURAL
2312921;Fora do Brasil ou no mar;150280;POSTO DE SAUDE TURE;-22.9068467;-43.1728965;RIO TURE;S/N;ZONA RURAL
2313111;Caiu em cidade errada. Esperado: IBGE 150310;150310;POSTO DE SAUDE RIO MARAJOI;-1.1668733691;-51.2313079834;COMUNIDADE RIO MAROJOI;S/N;ZONA RURAL
2313146;Caiu em cidade errada. Esperado: IBGE 150310;150310;POSTO DE SAUDE TAIASSUI;-1.1871251377;-51.8273162842;TAIASSUI;S/N;ZONA RURAL
2313200;Fora do Brasil ou no mar;150310;POSTO DE SAUDE RIO MUCURIPE;-22.9068467;-43.1728965;COMUNIDADE MUCURIPE;S/N;ZONA RURAL
2313243;Caiu em cidade errada. Esperado: IBGE 150310;150310;POSTO DE SAUDE N S DE NAZARE DO RIO MOJU;-1.886756;-48.765741;RIO MOJU;S/N;ZONA RURAL
2316315;Caiu em cidade errada. Esperado: IBGE 150490;150490;UNIDADE DE SAUDE DA FAMILIA IRMAO TINO SIMIONATO;-1.631;-49.584;VILA DE SAO MIGUEL DO PRACUUBA;S/N;ZONA RURAL
2320150;Caiu em cidade errada. Esperado: IBGE 140070;140070;UNIDADE BASICA DE SAUDE AGUA FRIA;-11.8688495;-38.762374;RUA PRINCIPAL;S/N;CENTRO
2320193;Caiu em cidade errada. Esperado: IBGE 140070;140070;POSTO DE SAUDE DO MARACANA I;-2.4329233;-54.7562927;RUA PRINCIPAL;S/N;CENTRO
2320355;Caiu em cidade errada. Esperado: IBGE 140017;140017;POSTO DE SAUDE JOANA PEREIRA DA SILVA;1.8028978824;-60.7059431076;VILA CAXIAS;S/N;VILA CAXIAS
2321807;Caiu em cidade errada. Esperado: IBGE 251335;251335;PSF DE UMBUZEIRO;-8.3908654167;-38.5894775391;POVOADO UMBUZEIRO;S/N;ZONA RURAL
2325659;Caiu em cidade errada. Esperado: IBGE 220480;220480;PS TERESA RAMOS VELOSO;-6.87903;-41.34741;POV BREJO DA FORTALEZA;S/N;ZONA RURAL
2326698;Caiu em cidade errada. Esperado: IBGE 220750;220750;PS DR DIRCEU M ARCOVERDE PSF;-5.978;-43.063;POV CAPUMBA;S/N;CAPUMBA
2326701;Caiu em cidade errada. Esperado: IBGE 220750;220750;ACADEMIA ASSENTAMENTO FRUTEIRAS;-5.978;-43.063;POV CAPUMBAS;S/N;RURAL
2326744;Caiu em cidade errada. Esperado: IBGE 220750;220750;PS DE PEDRO J CELESTINO PSF;-5.978;-43.063;POVOADO RIACHO DOS NEGRO;S/N;CENTRO
2327112;Caiu em cidade errada. Esperado: IBGE 230340;230340;UBS DE SAO JOSE MANOEL RIBEIRO DE ALMEIDA;-4.252466;-41.102792;SITIO SAO JOSE;00;SITIO SAO JOSE
2327228;Caiu em cidade errada. Esperado: IBGE 231360;231360;UNIDADE BASICA DE SAUDE DA FAMILIA DE NOVA VENEZA;-3.843138;-41.003247;SITIO NOVA VENEZA;S/N;ZONA RURAL
2327910;Caiu em cidade errada. Esperado: IBGE 230290;230290;UNIDADE DE SAUDE DE CAJUAS;-4.4948416746;-38.9510393143;CAJUAS;S/N;ZONA RURAL
2328879;Caiu em cidade errada. Esperado: IBGE 150150;150150;UNIDADE DE REABILITACAO PSIQUICO SOCIAL;-1.3673579;-48.3729271;BR 316 KM 08 RUA CAVALCANTE;S/N;CENTRO
2329166;Caiu em cidade errada. Esperado: IBGE 150175;150175;UNIDADE BASICA DE SAUDE SAO RAIMUNDO DO ARAGUAIA;-5.9042868284;-48.1695556641;RUA PRINCIPAL;200;CENTRO
2330482;Caiu em cidade errada. Esperado: IBGE 150172;150172;POSTO DE SAUDE MALVINAS;-3.34531;-52.37009;VICINAL DA GLEBA 19;S/N;ZONA RURAL
2331330;Caiu em cidade errada. Esperado: IBGE 150600;150600;POSTO DE SAUDE DE GUAJARA;-2.07106;-53.163281;COMUNIDADE SAO BENTO;S/N;GUAJARA
2331365;Caiu em cidade errada. Esperado: IBGE 150600;150600;POSTO DE SAUDE DA VILA CANAA;-1.53438;-53.291211;VILA CANAA;S/N;RIO VILA SEBO
2331373;Caiu em cidade errada. Esperado: IBGE 150600;150600;ESTRATEGIA SAUDE DA FAMILIA BOA VISTA DO CUCARI;-1.48;-53.28;BOA VISTA DO CUCARI;S/N;CUCARI
2331381;Caiu em cidade errada. Esperado: IBGE 150600;150600;POSTO DE SAUDE DO TAMATAI;-2.040033;-53.244748;COMUNIDADE TRINDADE;S/N;RIO TAMATAI
2331624;Fora do Brasil ou no mar;150600;POSTO DE SAUDE DE APARECIDA;-22.9068467;-43.1728965;COMUNIDADE DE N SRA DE APARECIDA RIO PURU;S/N;CENTRO
2332396;Caiu em cidade errada. Esperado: IBGE 150050;150050;POSTO DE SAUDE ILHA DE SAO PAULO;-23.672333;-46.6392342;COMUNIDADE ILHA DE SAO PAULO;S/N;CENTRO
2341557;Caiu em cidade errada. Esperado: IBGE 251700;251700;UNIDADE DE VIGILANCIA SANITARIA;-7.6966384547;-35.6646680832;RUA PROJETADA;S/N;CENTRO
2342154;Fora do Brasil ou no mar;250320;USF JACARE;-7.0360530926;-34.8540968693;VILA DOS PESCADORES;277;JACARE
2342294;Caiu em cidade errada. Esperado: IBGE 250160;250160;UNIDADE BASICA DE SAUDE SANTA ROSA;-6.451750172;-36.5178782;SITIO SANTA ROSA;S/N;ZONA RURAL
2344505;Caiu em cidade errada. Esperado: IBGE 261170;261170;POSTO DE SAUDE DE TRAPIA PSF I;-7.9669488581;-35.9130191803;VILA TRAPIA;S/N;II DISTRITO
2347601;Caiu em cidade errada. Esperado: IBGE 261590;261590;UNID DE SAUDE DA VIGILANCIA SANITARIA;-7.600904300000001;-37.3097147;RUA FARMACEUTICO ALEIXINHO;05;CENTRO
2349922;Caiu em cidade errada. Esperado: IBGE 261120;261120;POSTO DE SAUDE DE PAO DE ACUCAR;-8.26313;-36.78485;DISTRITO DE PAO DE ACUCAR;S/N;CENTRO
2351072;Caiu em cidade errada. Esperado: IBGE 260330;260330;UNIDADE MOVEL ODONTOMEDICA;-8.7559725;-36.43091;AV CENTRAL;S/N;CENTRO
2351560;Caiu em cidade errada. Esperado: IBGE 260890;260890;POSTO DE SAUDE DE ARARAS;-4.9595079;-40.9788775;SITIO ARARAS;S/N;CENTRO
2352729;Caiu em cidade errada. Esperado: IBGE 260430;260430;POSTO DE SAUDE BARRO BRANCO;-8.0898466;-34.9421739;SITIO BARRO BRANCO;S/N;SITIO BARROS BRANCO
2356244;Caiu em cidade errada. Esperado: IBGE 260040;260040;PSF AGROVILA LIBERAL;-8.7614164;-35.6050202;BR 101;S/N;ZONA RURAL
2356422;Caiu em cidade errada. Esperado: IBGE 261150;261150;UNIDADE DE SAUDE DA FAMILIA ANTONIO ELIAS BRASIL;-8.8497113723;-36.1323695478;VILA NOVA;S/N;ZONA RURAL
2361795;Caiu em cidade errada. Esperado: IBGE 520010;520010;POSTO DE SAUDE DE SANTA LUCIA ABADIANIA;-25.4084137;-53.5673541;POVOADO DE SANTA LUCIA;S/N;CENTRO
2361825;Caiu em cidade errada. Esperado: IBGE 520010;520010;POSTO DE SAUDE DE FORMIGA ABADIANIA;-20.4653377;-45.4254013;FAZENDA FORMIGA;S/N;ZONA RURAL
2363283;Caiu em cidade errada. Esperado: IBGE 250660;250660;POSTO DE SAUDE DE CACHOEIRINHA;-29.9457416;-51.0989724;POVOADO DE CACHOEIRINHA;S/N;POVOADO
2364433;Caiu em cidade errada. Esperado: IBGE 251030;251030;TEREZINHA MARIA DA LUZ DE VASCONCELOS;-6.7321427546;-36.3520646095;SITIO BAXIO;S/N;ZONA RURAL
2364565;Caiu em cidade errada. Esperado: IBGE 220220;220220;PS DE LAGOA SECA;-7.1569088;-35.8534783;LAGOA SECA;S/N;ZONA RURAL
2365685;Caiu em cidade errada. Esperado: IBGE 220170;220170;PS LUIS ANTONIO DE SOUSA;-7.3069684983;-43.5325795412;POVOADO CAGADOS;S/N;ZONA RURAL
2366363;Caiu em cidade errada. Esperado: IBGE 221063;221063;PS ANTONIO DE LOURDES;-7.2346;-43.47145;POVOADO SANTA FE;S/N;ZONA RURAL
2366606;Caiu em cidade errada. Esperado: IBGE 220525;220525;PS LUISA VIANA DA SILVA;-6.1678623159;-42.2973632812;PITOMBEIRA;S/N;PITOMBEIRA
2366789;Caiu em cidade errada. Esperado: IBGE 220600;220600;UBS ESMERALDA RODRIGUES DE SOUSA COCAL;-6.9841758283;-43.9832496643;LOCALIDADE COCAL;S/N;ZONA RURAL
2367408;Caiu em cidade errada. Esperado: IBGE 220045;220045;PS CAPITAO DE CAMPOS;-4.459677699999999;-41.9423622;POV CAPITAO DE CAMPOS;S/N;Z RURAL
2368188;Caiu em cidade errada. Esperado: IBGE 220340;220340;P S REGINA MARIA DE JESUS SILVA;-6.56365;-41.44305;POVOADO GATURIANO;S/N;ZONA RURAL
2369052;Caiu em cidade errada. Esperado: IBGE 220910;220910;PS SITIO MINAS;-17.930178;-43.7908453;SITIO MINAS;S/N;ZONA RURAL
2372746;Caiu em cidade errada. Esperado: IBGE 230220;230220;UNIDADE BASICA DE SAUDE DE JUAZEIRO;-4.37531;-38.97797;VILA DE JUAZEIRO;S/N;ZONA RURAL
2373114;Caiu em cidade errada. Esperado: IBGE 231160;231160;POSTO DE SAUDE ANTONIO DIOGO;-3.723618;-38.5355973;RUA TEREZA CRISTINA;339;CENTRO
2373386;Caiu em cidade errada. Esperado: IBGE 230970;230970;UBASF SANTA MARTA VILA DAS FLORES;-3.8917984101;-38.6238350052;RUA 20;S/N;VILA DAS FLORES
2374978;Caiu em cidade errada. Esperado: IBGE 241320;241320;UBS PALMIRA REGIS FREIRE;-6.948;-35.741;RUA JOAO AURELIANO DE LIMA;03;CENTRO
2374986;Caiu em cidade errada. Esperado: IBGE 241320;241320;UNIDADE MISTA DE SAUDE JOSE GOMES DE SALES;-6.1403201023;-35.1454997063;RUA SANTA LUZIA;S/N;CARNAUBA
2381109;Caiu em cidade errada. Esperado: IBGE 240860;240860;UNIDADE MISTA MAE JOAQUINA;-6.48633;-38.31333;RUA BENJAMIM CONSTANTE;71;CENTRO
2381125;Caiu em cidade errada. Esperado: IBGE 241410;241410;HOSP LINDOLFO FERNANDES;-6.272;-38.105;RUA PROJETADA;S/N;DOS OLINTOS
2381133;Caiu em cidade errada. Esperado: IBGE 241410;241410;CENTRO DE SAUDE TENENTE ANANIAS;-6.281;-38.105;RUA PROJETADA;156;OLINTOS
2381141;Caiu em cidade errada. Esperado: IBGE 240725;240725;CENTRO DE SAUDE DE MAJOR SALES;-6.242035;-38.19207;RUA ANTONIO JOSE DA ROCHA;S/N;CENTRO
2381168;Caiu em cidade errada. Esperado: IBGE 240725;240725;HOSPITAL E MATERNIDADE MUNICIPAL MAE TETE;-6.24669;-38.191021;RUA MARIETA FERNANDES;135;DO AMOR
2381311;Caiu em cidade errada. Esperado: IBGE 240060;240060;POSTO DE SAUDE RODEADOR;-6.0632674;-37.7852336;SITIO RODEADOR;S/N;ZONA RURAL
2381338;Caiu em cidade errada. Esperado: IBGE 240060;240060;POSTO DE SAUDE TRINCHEIRAS;-6.2287362;-37.7918114;SITIO TRINCHEIRA;S/N;ZONA RURAL
2383640;Caiu em cidade errada. Esperado: IBGE 520735;520735;POSTO DE SAUDE SAO FRANCISCO DE ASSIS;-17.4243496;-49.746756;CERAMICA MATUTINA;S/N;POVOADO
2385783;Caiu em cidade errada. Esperado: IBGE 420730;420730;ESTRATEGIA DE ATENCAO PRIMARIA DE BOA VISTA;-28.33380904;-48.7306373822;ESTRADA GERAL;S/N;BOA VISTA
2386232;Caiu em cidade errada. Esperado: IBGE 290400;290400;POSTO DE SAUDE DE CUTIA;-12.8148142762;-41.8085575104;POVOADO DE CUTIA;S/N;CUTIA
2386747;Caiu em cidade errada. Esperado: IBGE 290480;290480;USF DERALDO PEREIRA DA SILVA ICARAI;-22.9043971;-43.1093638;RUA RANULFO REQUIAO;100;DISTRITO ICARAI
2386984;Caiu em cidade errada. Esperado: IBGE 290580;290580;UNIDADE DE SAUDE DA FAMILIA DE TRAVESSAO;-14.149906;-39.330089;RUA JUSCELINO KUBSTCHEK;100;POV DE TRAVESSAO
2387271;Caiu em cidade errada. Esperado: IBGE 290620;290620;UNIDADE DE SAUDE DA FAMILIA SALOBRO I;-11.6728938349;-41.7727017403;PRACA CATAO DOURADO;S/N;DISTRITO
2387298;Caiu em cidade errada. Esperado: IBGE 290620;290620;UNIDADE DE SAUDE DA FAMILIA DE UMBURANA;-11.6790088119;-41.7696332932;POVOADO DE UMBURANA;S/N;POVOADO
2389460;Caiu em cidade errada. Esperado: IBGE 290760;290760;POSTO DE SAUDE DE QUEIMADA DO RUFINO;-11.822129;-41.90112449999999;QUEIMADA DO RUFINO;S/N;POVOADO
2390132;Caiu em cidade errada. Esperado: IBGE 210510;210510;VIGILANCIA EM SAUDE DE ICATU;-2.7763081684;-44.065529108;PRACA EURICO GASPAR DUTRA;S/N;CENTRO
2390183;Caiu em cidade errada. Esperado: IBGE 210810;210810;UNIDADE BASICA DE SAUDE DO JEJUI;-4.5268001373;-45.1462554932;POVOADO JEJUI;S/N;ZONA RURAL
2391198;Caiu em cidade errada. Esperado: IBGE 510780;510780;ESF OLHO DAGUA;-15.704481;-56.743311;VILA OLHO DAGUA;S/N;ZONA RURAL
2391260;Caiu em cidade errada. Esperado: IBGE 510780;510780;ESF VARGINHA;-15.813684;-56.099667;VARGINHA;S/N;ZONA RURAL
2391759;Caiu em cidade errada. Esperado: IBGE 510560;510560;POSTO DE SAUDE DE ALTO ALEGRE;-10.0420178277;-55.0278139114;AVENIDA PRINCIPAL;S/N;ZONA RURAL
2392518;Caiu em cidade errada. Esperado: IBGE 510860;510860;MINIPOSTO CANTA GALO;-14.6392875;-57.2456748;PROJETO CANTA GALO;S/N;ZONA RURAL
2392550;Caiu em cidade errada. Esperado: IBGE 510785;510785;POSTO DE SAUDE DE PONTINOPOLIS;-11.490942;-50.320438;R PRINCIPAL;S/N;PONTINOPOLIS
2393352;Caiu em cidade errada. Esperado: IBGE 510515;510515;POSTO DE SAUDE LINHA 01 DE JUINA;-11.1608356;-58.6960063;LINHA 1;S/N;ZONA RURAL
2394707;Caiu em cidade errada. Esperado: IBGE 510500;510500;POSTO DE SAUDE SANTA ROSA;-27.8700347;-54.4797042;MIRASSOLZINHO;S/N;ZONA RURAL
2395592;Caiu em cidade errada. Esperado: IBGE 510670;510670;HOSPITAL MUNICIPAL BOM JESUS;-17.768;-52.836;PRESIDENTE DUTRA;301;CENTRO
2395649;Caiu em cidade errada. Esperado: IBGE 510180;510180;CENTRO DE SAUDE TORICUEIJE;-15.2510749009;-53.0553093553;DISTRITO DE TORICUEIJE;S/N;TORICOEJE
2397935;Caiu em cidade errada. Esperado: IBGE 411200;411200;POSTO DE SAUDE DO BOM SUCESSO;-23.7106001;-51.7653623;BOM SUCESSO;S/N;BOM SUCESSO
2398265;Caiu em cidade errada. Esperado: IBGE 410895;410895;POSTO DE SAUDE DE BARREIRO;-25.2542056702;-50.8135271072;BARREIRO;S/N;ZONA RURAL
2401215;Caiu em cidade errada. Esperado: IBGE 291030;291030;P S DE SOUZA PEIXOTO;-12.123456;-39.522;POVOADO DE SOUZA PEIXOTO;000;ZONA RURAL
2402513;Caiu em cidade errada. Esperado: IBGE 291140;291140;USFI INDIGENA BATIDA;-9.3999441;-38.2589185;POVOADO BATIDA;01;BATIDA
2404095;Caiu em cidade errada. Esperado: IBGE 221080;221080;PS VARZEA GRANDE;-15.6505125;-56.1354693;VARZEA GRANDE;S/N;ZONA RURAL
2404575;Caiu em cidade errada. Esperado: IBGE 220870;220870;UBS PALESTINA;-9.2115714996;-45.0352522731;LOCALIDADE PALESTINA;S/N;ZONA RURAL
2407558;Caiu em cidade errada. Esperado: IBGE 240050;240050;UNIDADE DE SAUDE DA FAMILIA SERROTA;-6.261;-38.331;SITIO SERROTA;S/N;ZONA RURAL
2407779;Caiu em cidade errada. Esperado: IBGE 240740;240740;UBS UNIDADE BASICA DE SAUDE LAGOA NOVA;-6.07242;-38.0101;SITIO LAGOA NOVA;S/N;ZONA RURAL
2410435;Caiu em cidade errada. Esperado: IBGE 240070;240070;CENTRO DE SAUDE DA FAMILIA IV;-5.410386;-36.703449;FAZENDA BARROCAS;S/N;ZONA RURAL
2411229;Caiu em cidade errada. Esperado: IBGE 421610;421610;US CASCATA;-26.884731;-48.6616236;LINHA NSA SRA DOS NAVEGANTES;S/N;CASCATA
2411288;Caiu em cidade errada. Esperado: IBGE 421950;421950;UNIDADE SANITARIA CAMBUINZAL;-26.7571002;-49.7793108;RUA GERAL;01;CENTRO
2413957;Fora do Brasil ou no mar;290340;ESF 5 DR JOSE MARIA DE ANDRADE;-15.972;-38.333;RUA 07 DE SETEMBRO;S/N;SANTA MARIA ETERNA
2414287;Caiu em cidade errada. Esperado: IBGE 290100;290100;UNIDADE DE SAUDE DA FAMILIA CORTA MAO;-13.0719538033;-39.5054626465;PRACA DOM JOAO NILTON;S/N;CORTA MAO
2418681;Caiu em cidade errada. Esperado: IBGE 250150;250150;SECRETARIA MUNICIPAL DE SAUDE;-7.2276062678;-35.8964377642;AV JOAO PESSOA;302;CENTRO
2418835;Fora do Brasil ou no mar;420600;UNIDADE DE SAUDE DA FAMILIA CALHEIROS;-27.317551;-48.562134;RODOVIA SC 410 KM 14;S/N;CALHEIROS
2420155;Caiu em cidade errada. Esperado: IBGE 280010;280010;POSTO DE SAUDE DA FAMILIA DE AMPARO;-22.7080465;-46.7726434;RUA DEP MARTINHO GUIMARAES;S/N;CENTRO
2420732;Caiu em cidade errada. Esperado: IBGE 280350;280350;P S POVOADO MANGABEIRA;-11.1065652;-37.2604282;POVOADO MANGABEIRA;987;ZONA RURAL
2420899;Caiu em cidade errada. Esperado: IBGE 280580;280580;PS POVOADO TANQUE;-10.9951896;-37.7215698;POVOADO TANQUE;S/N;POVOADO TANQUE
2421437;Caiu em cidade errada. Esperado: IBGE 280760;280760;CLINICA DE SAUDE DA FAMILIA JOSE GONCALVES NASCIMENTO;-11.3515614642;-37.6379545587;POVOADO EUGENIA;S/N;ZONA RURAL
2421763;Caiu em cidade errada. Esperado: IBGE 280400;280400;UNID BASICA DE SAUDE JOEL ALMEIDA TELES;-10.8703855994;-37.1654605865;POVOADO OITEIROS;S/N;ZONA RURAL
2422182;Caiu em cidade errada. Esperado: IBGE 280720;280720;POSTO DE SAUDE CASTANHAL;-10.3614;-37.647;POVOADO CASTANHAL;S/N;ZONA RURAL
2422204;Caiu em cidade errada. Esperado: IBGE 280720;280720;UNIDADE DE SAUDE DA FAMILIA DO POV LAGOA GRANDE;-10.3614;-37.642;POVOADO LAGOA GRANDE;S/N;POVOADO
2422557;Caiu em cidade errada. Esperado: IBGE 280570;280570;UNIDADE DE SAUDE DA FAMILIA EUCLIDES RITO;-10.9147321;-37.1594071;POVOADO SANTA CRUZ;S/N;ZONA RURAL
2422611;Caiu em cidade errada. Esperado: IBGE 280190;280190;POSTO DE SAUDE LORIVAL BAPTISTA;-10.9272367;-37.0609426;RUA ARQUIBALDO MENDONCA;89;CENTRO
2426609;Caiu em cidade errada. Esperado: IBGE 230860;230860;POSTO DE SAUDE DE LIVRAMENTO;-4.689;-40.163;DISTRITO DE LIVRAMENTO;S/N;CENTRO
2427036;Caiu em cidade errada. Esperado: IBGE 230260;230260;POSTO DE SAUDE DE MACEIO;-9.6660417;-35.7352167;LOCALIDADE DE MACEIO;S/N;MACEIO
2431076;Caiu em cidade errada. Esperado: IBGE 260530;260530;UNIDADE DE SAUDE DA FAMILIA DE TABOCAS;-7.26058;-39.50353;RUA INACIO CAETANO;S/N;DISTRITO TABOCAS
2437422;Caiu em cidade errada. Esperado: IBGE 521370;521370;POSTO DE SAUDE DE SERRA NEGRA;-22.6126745;-46.699658;SERRA NEGRA;S/N;CENTRO
2437430;Caiu em cidade errada. Esperado: IBGE 521370;521370;POSTO DE SAUDE DE NOSSA SENHORA DA GUIA;-6.799727100000001;-43.0091648;NOSSA SENHORA DA GUIA;S/N;CENTRO
2438399;Caiu em cidade errada. Esperado: IBGE 521523;521523;USF VALE DO PEDREGAL;-16.0223888;-48.055687;QUADRA 007 LOTE;07;VALE DO PEDREGAL
2439875;Caiu em cidade errada. Esperado: IBGE 520490;520490;UBS MORADA NOVA CAMPOS BELOS;-13.0;-47.728;RUA 09;S/N;SETOR MORADA NOVA
2442299;Caiu em cidade errada. Esperado: IBGE 520025;520025;CENTRO DE SAUDE AGUAS BONITAS;-15.8146483;-48.2093072;QUADRA 02;S/N;PARK AGUAS BONITAS I
2444666;Caiu em cidade errada. Esperado: IBGE 291680;291680;POSTO DE SAUDE DOMACIANO DE MACEDO;-23.1856528;-46.8892222;FAZENDA JUNDIAI;999999;ZONA RURAL
2446863;Caiu em cidade errada. Esperado: IBGE 320300;320300;UNIDADE SANITARIA DE TERRA CORRIDA;-20.4301632;-41.5028599;RUA PRINCIPAL;S/N;TERRA CORRIDA
2447436;Caiu em cidade errada. Esperado: IBGE 320255;320255;UNIDADE SANITARIA DA PRATINHA PSF;-20.6529085618;-41.6419214922;RUA PRINCIPAL;01;PRATINHA
2448866;Caiu em cidade errada. Esperado: IBGE 320470;320470;PS SAO SEBASTIAO DA BARRA SECA;-18.9083754;-40.585721;SAO SEBASTIAO DA BARRA SECA;S/N;SAO SEBAST BARSECA
2450496;Caiu em cidade errada. Esperado: IBGE 211170;211170;U B S OUTEIRO M JUSTINA PSFSB;-2.867438;-44.039531;POVOADO DE OUTEIRO;S/N;OUTEIRO
2451441;Caiu em cidade errada. Esperado: IBGE 210870;210870;POSTO DE SAUDE JUCURAL DO VITAL;-8.2150968;-35.2270304;RUA DA IGREJA;62;POV JUCARAL DO VITAL
2451727;Caiu em cidade errada. Esperado: IBGE 210100;210100;PS SANTA INES;-3.6648976;-45.3828356;POV SANTA INES;S/N;POV SANTA INES
2451751;Caiu em cidade errada. Esperado: IBGE 210350;210350;POSTO DE SAUDE JENIPAPO;-6.330533;-43.948793;POVOADO JENIPAPO;S/N;ZONA RURAL
2454122;Caiu em cidade errada. Esperado: IBGE 210980;210980;PS DE SAO ROQUE;-5.080419;-45.6007108;POVOADO SAO ROQUE;S/N;SAO ROQUE
2454785;Caiu em cidade errada. Esperado: IBGE 210780;210780;UNIDADE DE SAUDE DA FAMILIA ANTONIO GOMES DA SILVA;-5.7239450055;-43.0183410645;POVOADO LAGOA DO CAMINHO;S/N;ZONA RURAL
2458624;Caiu em cidade errada. Esperado: IBGE 211120;211120;UNIDADE BASICA DE SAUDE DA MAIOBINHA;-2.5626101172;-44.1998126471;RUA SAO SEBASTIAO;S/N;MAIOBINHA
2459965;Caiu em cidade errada. Esperado: IBGE 210640;210640;UBSF MARIA DA PENHA;-3.6081331;-43.3752958;POV BOM SUCESSO;S/N;POVOADO
2460424;Fora do Brasil ou no mar;211100;UBS OLHO DAGUA DOS BODES ESF;-2.553828;-44.484196;POVOADO OLHO DAGUA DOS BODES;S/N;OLHO DAGUA DOS BODES
2460467;Caiu em cidade errada. Esperado: IBGE 211100;211100;UBS DE SANTA RITA ESFSB;-2.56525;-44.571541;POVOADO DE SANTA RITA;S/N;SANTA RITA
2460483;Caiu em cidade errada. Esperado: IBGE 211100;211100;UBS DA CONCEICAO ESF;-3.0703;-44.524307;POVOADO CONCEICAO;S/N;CONCEICAO
2460661;Caiu em cidade errada. Esperado: IBGE 210840;210840;P S CENTRO DOS CAMARAS;-2.529959;-44.808265;POV CENTRO DOS CAMARAS;S/N;CENTRO DOS CAMARAS
2461455;Caiu em cidade errada. Esperado: IBGE 210850;210850;POSTO DE SAUDE A GATA;-3.6002019;-45.3074374;PVOADO A GATA;S/N;A GATA
2461536;Caiu em cidade errada. Esperado: IBGE 210030;210030;POSTO DE SAUDE DR DOUVER SANTOS;-3.6002019;-45.3074374;POVOADO CRIORY II;S/N;POVOADO CRIORY II
2463938;Caiu em cidade errada. Esperado: IBGE 211080;211080;UNIDADE BASICA DE SAUDE DE BATATEIRAS;-7.050401;-44.484802;RUA GRANDE;S/N;BATATEIRAS
2464217;Caiu em cidade errada. Esperado: IBGE 210315;210315;UNIDADE DE SAUDE CARMINA ALVES DE SOUSA;-2.4560650989;-46.2812805176;QUADRA 45;S/N;ZONA RURAL
2465663;Caiu em cidade errada. Esperado: IBGE 211010;211010;USF DE LADEIRA;-3.4089391716;-42.5586201118;LADEIRA;S/N;LADEIRA
2465671;Caiu em cidade errada. Esperado: IBGE 211010;211010;USF DE BURITI SECO;-3.2478091654;-42.7639818233;BURITI SECO;S/N;BURITI SECO
2465728;Caiu em cidade errada. Esperado: IBGE 211010;211010;USF DE RIACHO DO MEIO;-3.6171219442;-42.7578478136;RIACHO DO MEIO;S/N;ZONA RURAL
2466961;Caiu em cidade errada. Esperado: IBGE 291750;291750;POSTO DE SAUDE DE ITAPEIPU;-11.5473915603;-40.4543209076;PRACA DO COMERCIO;S/N;ITAPEIPU
2467615;Caiu em cidade errada. Esperado: IBGE 171330;171330;UNIDADE BASICA DE SAUDE DA FAMILIA DAVID CLEMENTINO DA CUNHA;-9.3150728924;-48.3522677422;RUA 10 ESQ COM RUA JOSE A CARVALHO;224;CENTRO
2470144;Caiu em cidade errada. Esperado: IBGE 291470;291470;UNIDADE BASICA DE SAUDE IRACY DA SILVA FRAGA;-12.3629750979;-40.0453162193;POVOADO DE SANTA QUITERIA;S/N;ZONA RURAL
2471248;Caiu em cidade errada. Esperado: IBGE 510895;510895;PSF III MIGUEL GARATTINI;-9.5856;-57.3205;NELI LOURDES NICOLLI;S/N;SAO LUCAS
2472805;Caiu em cidade errada. Esperado: IBGE 510718;510718;ESF NOVO PARAISO;-12.4124362164;-51.5780639648;DISTRITO DE NOVO PARAISO;S/N;ZONA RURAL
2474107;Caiu em cidade errada. Esperado: IBGE 240895;240895;UNIDADE BASICA DE SAUDE DE CATOLE;-5.3826438982;-35.4790954298;RUA SANTA AGUEDA;S/N;CATOLE
2474212;Caiu em cidade errada. Esperado: IBGE 240750;240750;MATERNIDADE DE MAXARANGUAPE;-5.5183996;-35.2589592;RUA 29 DE JANEIRO;S/N;CENTRO
2474530;Caiu em cidade errada. Esperado: IBGE 241040;241040;UNIDADE BASICA DE SAUDE DE CANA BRAVA;-5.306860444;-35.5830323696;POVOADO DE CANA BRAVA;S/N;ZONA RURAL
2475014;Caiu em cidade errada. Esperado: IBGE 240540;240540;UNIDADE BASICA DE SAUDE DE QUEIMADAS;-6.52899;-35.829783;SITIO QUEIMADAS;S/N;Z RURAL
2475472;Caiu em cidade errada. Esperado: IBGE 240300;240300;POSTO DE SAUDE ALMIRA DIAS DA SILVA;-5.6884029;-36.7341408;SITIO RIO DO MEIO;S/N;ZONA RURAL
2476886;Caiu em cidade errada. Esperado: IBGE 280460;280460;UNIDADE DE SAUDE DA ELIZABETE ANDRADE;-10.4405818;-37.1182131;POVOADO GADO BRAVO NORTE;S/N;ZONA RURAL
2479842;Caiu em cidade errada. Esperado: IBGE 231380;231380;UNIDADE BASICA DE SAUDE SEVERINO;-3.56869;-39.51056;SITIO SEVERINO;S/N;SITIO SEVERINO
2481863;Caiu em cidade errada. Esperado: IBGE 230428;230428;UBS JABUTI KM 20;-3.554724;-38.9566057;AVENIDA ANTONIO SOBREIRA;65;JABUTI
2483963;Caiu em cidade errada. Esperado: IBGE 320305;320305;PSF SEAC;-18.7445647;-39.86048359999999;COMUNIDADE SEAC;S/N;SEAC
2485532;Caiu em cidade errada. Esperado: IBGE 320110;320110;CENTRO INTEGRADO DE ESPECIALIDADES;-21.1306015195;-41.6763782501;AV GOV FRANCISCO LACERDA DE AGUIAR;08;CENTRO
2486156;Caiu em cidade errada. Esperado: IBGE 320040;320040;UNIDADE DE SAUDE DE DUAS BARRAS;-22.0520068;-42.5191679;DUAS BARRAS;S/N;DUAS BARRAS
2486296;Caiu em cidade errada. Esperado: IBGE 320510;320510;UNIDADE BASICA SAO PAULO BIRIRICAS;-23.5557714;-46.6395571;RUA PROJETADA;S/N;SAO PAULO BIRIRICAS
2487527;Caiu em cidade errada. Esperado: IBGE 291950;291950;POSTO DE SAUDE DE ITAGUASSU;-23.8021735;-45.3616109;POVOADO SDE ITAGUASSU;S/N;CENTRO
2495058;Caiu em cidade errada. Esperado: IBGE 150815;150815;LABORATORIO CENTRAL DE ALTAMIRA;-3.2044205;-52.2079174;TRAV 10 DE NOVEMBRO;356;CENTRO
2497433;Caiu em cidade errada. Esperado: IBGE 110001;110001;CENTRO DE SAUDE DE IZIDOLANDIA;-11.8552551946;-61.9958496094;IZIDOLANDIA;S/N;ZONA RURAL
2497875;Caiu em cidade errada. Esperado: IBGE 293010;293010;UNIDADE DE SAUDE DA FAMILIA CENTRO I;-10.280168857;-40.1115560532;R SALUSTIANO FIGUEIREDO;S/N;CENTRO
2497972;Caiu em cidade errada. Esperado: IBGE 293010;293010;UNIDADE DE SAUDE DA FAMILIA MISSAO DO SAHY;-10.6915555;-39.85402695;PRACA DA MATRIZ;S/N;RURAL
2497999;Caiu em cidade errada. Esperado: IBGE 293010;293010;PMS ITAPICURU;-11.3116027;-38.2207532;RUA ITAPICURU;S/N;ITAPICURU
2506513;Caiu em cidade errada. Esperado: IBGE 292310;292310;CENTRO DE ESPECIALIDADES MEDICAS CEM;-11.2139;-38.3268266;RUA PRINCESA ISABEL;S/N;CENTRO
2506548;Caiu em cidade errada. Esperado: IBGE 292310;292310;UNIDADE DE SAUDE DA FAMILIA UMBUZEIRO;-11.1659;-38.22021;POVOADO UMBUZEIRO;S/N;POVOADO
2507188;Caiu em cidade errada. Esperado: IBGE 521975;521975;HOSPITAL DE PRONTO SOCORRO E MATERNIDADE MARIA MADALENA;-15.9373344605;-48.2593560219;AVN SAO JOAO BATISTA;S/N;CIDADE ECLETICA
2507439;Caiu em cidade errada. Esperado: IBGE 522020;522020;UNIDADE BASICA DE SAUDE LUIZ ALVES;-13.572;-50.163;RUA 09;S/N;CENTRO
2509075;Caiu em cidade errada. Esperado: IBGE 292560;292560;POSTO DE SAUDE DE ARACATUBA;-21.2066711;-50.4387286;POVOADO DE ARACATUBA;S/N;POV DE ARACATUBA
2509555;Caiu em cidade errada. Esperado: IBGE 292665;292665;POSTO DE SAUDE CAPINARANA;-15.2766932;-40.5835503;POVOADO CAPINARANA;S/N;ZONA RURAL
2514346;Caiu em cidade errada. Esperado: IBGE 292830;292830;USF LIDIO AMARO DAS CHAGAS;-11.54489;-38.54041;DISTRITO DE BOA ESPERA;S/N;ZONA RURAL
2514354;Caiu em cidade errada. Esperado: IBGE 292830;292830;USF GOVERNADOR PAULO SOUTO;-11.5802;-38.50073;POVOADO ALTO ALEGRE;S/N;ZONA RURAL
2524279;Caiu em cidade errada. Esperado: IBGE 293050;293050;POSTO DE SAUDE DE SERRA GRANDE;-14.4648636;-39.0402116;POVOADO DE SERRA GRANDE;S/N;PV SERRA GRANDE
2524325;Caiu em cidade errada. Esperado: IBGE 293050;293050;POSTO DE SAUDE DE CAMPINAS;-22.9099384;-47.0626332;POVOADO DE CAMPINAS;S/N;PV CAMPINAS
2524449;Caiu em cidade errada. Esperado: IBGE 293180;293180;POSTO DE SAUDE DE SAO FELIPE;-12.8477119;-39.0897198;POVOADO DE SAO FELIPE;S/N;POV DE SAO FELIPE
2524503;Caiu em cidade errada. Esperado: IBGE 293050;293050;POSTO DE SAUDE CAMPO REDONDO;-6.2421226;-36.1829784;POVOADO CAMPO REDONDO;S/N;PV CAMPO REDONDO
2526220;Caiu em cidade errada. Esperado: IBGE 293350;293350;UNIDADE DE SAUDE DA FAMILIA DE NOVA ESPERANCA;-13.3611850178;-39.4156135254;POVOADO DE NOVA ESPERANCA;S/N;ZONA RURAL
2526271;Caiu em cidade errada. Esperado: IBGE 293350;293350;UNIDADE DE SAUDE DA FAMILIA DO P A NOVO HORIZONTE;-21.4649748;-49.2246518;NOVO HORIZONTE;S/N;ZONA RURAL
2527375;Caiu em cidade errada. Esperado: IBGE 230830;230830;POSTO DE SAUDE DE BARREIROS;-7.151125;-38.495875;VILA BARREIROS;S/N;CENTRO
2527790;Caiu em cidade errada. Esperado: IBGE 230230;230230;UBASF PSF BAIXIO;-2.95065;-40.46566;POVOADO DE BAIXIO;S/N;BAIXIO
2531534;Caiu em cidade errada. Esperado: IBGE 210570;210570;UNIDADE BASICA DE SAUDE DO POVOADO LAGOA SECA;-4.9018509565;-45.1353979111;POVOADO LAGO DA PEDRA;1;LAGOA SECA
2532077;Caiu em cidade errada. Esperado: IBGE 211020;211020;POSTO DE SAUDE SITIO DO MEIO;-3.191333;-44.4602602;POVOADO SITIO DO MEIO;S/N;CENTRO
2547171;Caiu em cidade errada. Esperado: IBGE 320503;320503;UNIDADE SANITARIA DE ALTO GIRONDA;-20.7238646;-41.0850431;VILA ALTO GIRONDA;S/N;ALTO GIRONDA
2549522;Caiu em cidade errada. Esperado: IBGE 410850;410850;POSTO DE SAUDE IRATIM;-25.4727441;-50.65669949999999;LOCALIDADE IRATIM;00;ZONA RURAL
2550377;Caiu em cidade errada. Esperado: IBGE 292520;292520;CLIMP;-12.6104455;-38.3028823;PRACA ACM;118;CENTRO
2552043;Caiu em cidade errada. Esperado: IBGE 231150;231150;POSTO DE SAUDE DE TOME;-5.135795;-37.951488;TOME;S/N;TOME
2555611;Caiu em cidade errada. Esperado: IBGE 421240;421240;POSTO DE SAUDE SAO JOAO;-28.1011845;-48.6746002;ESTRADA GERAL;S/N;SAO JOAO
2557924;Caiu em cidade errada. Esperado: IBGE 420770;420770;POSTO DE SAUDE DE JACUTINGA;-22.2832272;-46.6089256;COMUNIDADE DE JACUTINGA;01;RURAL
2558831;Caiu em cidade errada. Esperado: IBGE 500750;500750;UNIDADE DE VIGILANCIA SANITARIA DE ROCHEDO;-19.9548647;-54.8911736;BAHIA;S/N;CENTRO
2560186;Caiu em cidade errada. Esperado: IBGE 171110;171110;UNIDADE DE SAUDE DA FAMILIA DE ITAPORA;-8.3416;-48.412;AVENIDA 05 DE ABRIL ESQUINA COM A RUA PEDRA BONITA;121112;SETOR NOVO HORIZONTE
2561603;Caiu em cidade errada. Esperado: IBGE 230460;230460;UNIDADE BASICA DE SAUDE JOAO ACACIO VASQUES MACEDO;-3.9837789;-39.4604976;CE 341;S/N;CENTRO
2561654;Caiu em cidade errada. Esperado: IBGE 230630;230630;UNIDADE BASICA DE SAUDE DE SANTA CRUZ;-3.6657981653;-39.5209389925;DISTRITO DE SANTA CRUZ;S/N;SANTA CRUZ
2563045;Caiu em cidade errada. Esperado: IBGE 230920;230920;UNIDADE BASICA DE SAUDE DA FAMILIA TRIUNFO;-7.09984;-39.39675;SITIO TRIUNFO;S/N;ZONA RURAL
2563355;Caiu em cidade errada. Esperado: IBGE 231210;231210;HOSP MATERN SENHORA SANTANA;-7.111616;-39.441313;PRACA 25 DE NOVEMBRO;S/N;CENTRO
2564831;Caiu em cidade errada. Esperado: IBGE 230185;230185;POSTO DE SAUDE DE IRACEMA;-5.810713499999999;-38.3040228;POVOADO DE IRACEMA;S/N;IRACEMA
2564912;Caiu em cidade errada. Esperado: IBGE 230835;230835;UNIDADE DE SAUDE DA FAMILIA DE MONTE GRAVE;-5.7327414;-39.3474217;DISTRITO MONTE GRAVE;S/N;ZONA RURAL
2564939;Caiu em cidade errada. Esperado: IBGE 230835;230835;POSTO DE SAUDE DE CIPO;-11.0997043;-38.5145928;CIPO;S/N;CIPO
2564955;Caiu em cidade errada. Esperado: IBGE 230835;230835;UNIDADE DE SAUDE DA FAMILIA DA BARRA;-5.6793476;-39.2663913;DISTRITO DA BARRA;S/N;ZONA RURAL
2564971;Caiu em cidade errada. Esperado: IBGE 230835;230835;POSTO DE SAUDE DE NOVO DESTINO;-5.996148;-38.7440243;NOVO DESTINO;S/N;NOVO DESTINO
2565420;Caiu em cidade errada. Esperado: IBGE 231130;231130;POSTO DE SAUDE DE GUARUJA;-23.9939372;-46.25745740000001;SEDE DO GUARUJA;S/N;TAPUIARA
2568829;Caiu em cidade errada. Esperado: IBGE 320455;320455;US SAO JOSE DO RIO CLARO STA MARIA JETIBA;-13.4474234;-56.7212258;SAO JOSE DO RIO CLARO;S/N;RECREIO
2584069;Caiu em cidade errada. Esperado: IBGE 410785;410785;POSTO DE SAUDE RIO VERDE FLOR DA SERRA DO SUL;-26.2589360945;-53.312702179;LINHA RIO VERDE;S/N;INTERIOR
2585863;Caiu em cidade errada. Esperado: IBGE 410785;410785;POSTO DE SAUDE ALTANEIRA FLOR DA SERRA DO SUL;-26.177505;-53.1948645;LINHA ALTANEIRA;S/N;INTERIOR
2585944;Caiu em cidade errada. Esperado: IBGE 412860;412860;POSTO DE SAUDE AGUAS DO VERE VERE;-25.7625732;-52.9530691;RUA PRINCIPAL;S/N;AGUAS DO VERE
2589591;Caiu em cidade errada. Esperado: IBGE 520140;520140;CENTRO DE SAUDE VILA BRASILIA;-16.6859422;-49.2184723;RUA HAVAI;S/N;VILA BRASILIA
2590336;Caiu em cidade errada. Esperado: IBGE 411250;411250;POSTO DE SAUDE DO POUSO ALEGRE;-24.11374;-51.73478;RUA PRINCIPAL;S/N;POUSO ALEGRE
2591693;Caiu em cidade errada. Esperado: IBGE 250855;250855;UNIDADE DE SAUDE DA FAMILIA PSF I AGRIPINO DA COSTA FRAZAO;-6.37029;-35.26236;RUA CLAUDIONOR PEREIRA DOS SANTOS;S/N;CONJUNTO
2591979;Caiu em cidade errada. Esperado: IBGE 250110;250110;LABORATORIO DE ANALISES CLINICAS LOEMNHEK;-7.225504900000001;-35.8767178;PRACA JOSE AMERICO;434;CENTRO
2592878;Caiu em cidade errada. Esperado: IBGE 250523;250523;CENTRO DE SAUDE CIRIACO BISPO DA COSTA USF II;-6.904478;-35.30032;SITIO ARROZ;S/N;ZONA RURAL
2595168;Caiu em cidade errada. Esperado: IBGE 411440;411440;POSTO DE SAUDE NOVA SANTO ANTONIO DA POSSE;-22.6049982;-46.9159146;ESTRADA MUNICIPAL;S/N;NOVA SANTO ANTONIO
2595214;Caiu em cidade errada. Esperado: IBGE 411440;411440;POSTO DE SAUDE BUSQUEROLLI;-25.8489341;-52.060133;ESTRADA MUNICIPAL;S/N;BUSQUEROLLI
2598574;Caiu em cidade errada. Esperado: IBGE 293330;293330;PS DE BAIXA GRANDE;-11.9600827;-40.1679247;POVOADO DE BAIXA GRANDE;S/N;ZONA RURAL
2600749;Caiu em cidade errada. Esperado: IBGE 290760;290760;POSTO DE SAUDE DE TRAIRAS;-11.2438938;-42.1685437;TRAIRAS;S/N;CENTRO
2601656;Caiu em cidade errada. Esperado: IBGE 291905;291905;UNIDADE DE SAUDE DA FAMILIA DR ELIEZER MENDES;-13.42566;-40.3029103;PRC MATEUS NUNES;S/N;PEIXE
2604159;Fora do Brasil ou no mar;210960;UBS SAO MIGUEL;-2.00397;-44.24013;POVAODO SAO MIGUEL;S/N;POVAODO SAO MIGUEL
2604647;Caiu em cidade errada. Esperado: IBGE 251040;251040;POSTO DE SAUDE DE TAPERA;-7.210861100000001;-36.8244027;SITIO TAPEROA;161;SITIO
2604728;Caiu em cidade errada. Esperado: IBGE 251130;251130;POSTO DE SAUDE DE POCINHOS;-7.0774452;-36.0598575;SITIO POCINHOS;S/N;ZONA RURAL
2606836;Caiu em cidade errada. Esperado: IBGE 251597;251597;UBS I DRA REGINA ANGELA FELICIANO LIMEIRA;-7.1445756;-35.238195;CONJUNTO ANA CELIA DE OLIVEIRA MELO;S/N;CENTRO
2606844;Caiu em cidade errada. Esperado: IBGE 251597;251597;UNIDADE DA SAUDE E FAMILIA C GRANDE II;-7.1445756;-35.238195;SITIO CAMPO GRANDE II;S/N;ZONA RURAL
2606992;Caiu em cidade errada. Esperado: IBGE 250030;250030;UBSF IX CAIANA DOS CRIOLOS;-7.01657;-35.70001;ST CAIANA DOS COCAIS;S/N;CAIANA DOS COCAIS
2607964;Caiu em cidade errada. Esperado: IBGE 250080;250080;UNID ANCORA PSF VI SANTA LUCIA;-6.5014118;-35.1955258;FAZENDA SANTA LUCIA;S/N;ZONA RURAL
2608200;Caiu em cidade errada. Esperado: IBGE 250190;250190;UNIDADE DE SAUDE DA FAMILIA PSF VI LIMEIRA;-6.394874;-35.295694;SITIO LIMEIRAS;S/N;ZONA RURAL
2609002;Caiu em cidade errada. Esperado: IBGE 251593;251593;UNIDADE DE SAUDE DA FAMILIA PSF I SERTAOZINHO;-6.7568667295;-35.4417604208;RUA JOSE SOARES DE SENA;30;CENTRIO
2613972;Caiu em cidade errada. Esperado: IBGE 210312;210312;POSTO DE SAUDE MILITAO MANOEL MARTINS;-3.6002019;-45.3074374;POVOADO;S/N;CENTRO
2614073;Caiu em cidade errada. Esperado: IBGE 210350;210350;UNIDADE BASICA DE SAUDE SANTO ANTONIO;-6.247942;-44.98648;POVOADO SANTO ANTONIO;S/N;ZONA RURAL
2615541;Caiu em cidade errada. Esperado: IBGE 150660;150660;UNIDADE SAUDE DA FAMILIA DE TACIATEUA;-1.31252;-47.42632;TACIATEUA;S/N;ZONA RURAL
2615932;Caiu em cidade errada. Esperado: IBGE 150276;150276;POSTO DE SAUDE BRILHANTE;-7.4877501817;-50.8996582031;VILA BRILHANTE;S/N;ZONA RURAL
2616084;Caiu em cidade errada. Esperado: IBGE 150520;150520;ES DE CARACURU;-2.216583;-49.809888;RIO CARACURU;999;ZONA RURAL
2616122;Caiu em cidade errada. Esperado: IBGE 150780;150780;UBSF RESSACA;-3.371472;-51.533109;RESSACA;S/N;ZONA RURAL
2617013;Caiu em cidade errada. Esperado: IBGE 530050;530050;LABORATORIO VITAL LAB;-15.8067496;-48.0854887;SRES QUADRA 02 AREA ESPECIAL A 1 SALA;2;CRUZEIRO VELHO
2619857;Fora do Brasil ou no mar;150310;POSTO DE SAUDE RIO VEADO;-22.9068467;-43.1728965;RIO VEADO;S/N;ZONA RURAL
2619954;Caiu em cidade errada. Esperado: IBGE 150050;150050;POSTO DE SAUDE DE JUTAI;-1.641544;-52.829475;VILA JUTAI;S/N;ZONA RURAL
2620316;Caiu em cidade errada. Esperado: IBGE 410645;410645;SMS DE CORONEL DOMINGOS SOARES;-26.336268;-52.102809;AVENIDA ARAUCARIA;2783;CENTRO
2621665;Caiu em cidade errada. Esperado: IBGE 150680;150680;UNIDADE DE SAUDE DA FAMILIA SAO JOSE;-2.6099351;-54.7233926;RODOVIA BR 163;S/N;SAO JOSE
2621754;Caiu em cidade errada. Esperado: IBGE 150680;150680;POSTO DE SAUDE DE CAMPOS DE ARAMANAI;-2.7120947082;-54.9990177155;COMUNIDADE CAMPOS DE ARAMANAI;S/N;URUCURITUBA
2621991;Caiu em cidade errada. Esperado: IBGE 150680;150680;CENTRO DE SAUDE DE PIRAQUARA;-2.1692813548;-54.2614746094;LAGO GRANDE;S/N;LAGO GRANDE
2622688;Caiu em cidade errada. Esperado: IBGE 150175;150175;POSTO DE SAUDE DE VILA BREJAO;-5.5770335872;-48.4630966187;VILA BREJAO;S/N;ZONA RURAL
2626837;Caiu em cidade errada. Esperado: IBGE 291370;291370;UNIDADE DE SAUDE DA FAMILIA COLONIA ROBERTO SANTOS;-11.6482014061;-38.4597015381;POVOADO DA COLONIA ROBERTO SANTOS;S/N;CENTRO
2626861;Fora do Brasil ou no mar;290860;UNIDADE DE SAUDE DA FAMILIA DE BARRA DO ITARIRI;-11.5725;-37.3659;PRACA LINO GOMES;S/N;BARRA DO ITARIRI
2627698;Caiu em cidade errada. Esperado: IBGE 320517;320517;US SAO JORGE DA BARRA SECA;-18.849304778;-40.3394365311;DISTRITO DE SAO JORGE DA BARRA SECA;S/N;SAO JORGE DA BARRA S
2627809;Caiu em cidade errada. Esperado: IBGE 320090;320090;POSTO DE SAUDE RIO DO CAMPO;-26.947004;-50.1406652;RIO DO CAMPO;S/N;RIO DO CAMPO
2630427;Caiu em cidade errada. Esperado: IBGE 260230;260230;POSTO DE SAUDE PENDANGA;-19.8681075;-40.4054755;ENGENHO PENDANGA;1;ZONA RURAL
2631113;Caiu em cidade errada. Esperado: IBGE 261090;261090;POSTO DE SAUDE SAO GABRIEL;-26.241122;-51.1245677;SITIO SAO GABRIEL;S/N;ZONA RURAL
2631288;Caiu em cidade errada. Esperado: IBGE 261330;261330;USF DE BARRA DO RIACHAO BIDU KRAUSE;-8.5275426;-35.9019092;VILA BARRA DO RIACHAO;S/N;RURAL
2632691;Caiu em cidade errada. Esperado: IBGE 260320;260320;UNIDADE DE SAUDE DA FAMILIA VARZEA DE DENTRO;-8.775392;-36.5614;SITIO VARZEA DE DENTRO;S/N;ZONA RURAL
2634449;Caiu em cidade errada. Esperado: IBGE 260160;260160;POSTO DE SAUDE DE MANGA DE BAIXO;-8.7686;-38.8517775;VILA NANGA DE BAIXO;S/N;MANGA DE BAIXO
2634570;Fora do Brasil ou no mar;261220;POSTO DE SAUDE DE MONTEVIDEU;-34.9055016;-56.1851147;SITIO MONTEVIDEU;S/N;SITIO
2635003;Caiu em cidade errada. Esperado: IBGE 260020;260020;ESF JOSE E MARIA RODRIGUES DE MACEDO;-8.413281517;-40.8409881592;SITIO UMBUZEIRO;S/N;ZONA RURAL
2636484;Caiu em cidade errada. Esperado: IBGE 260970;260970;POSTO DE SAUDE DA FAMILIA DE FEIRA NOVA;-7.7749478395;-35.6310653687;SITIO FEIRA NOVA;S/N;FEIRA NOVA
2643790;Caiu em cidade errada. Esperado: IBGE 211020;211020;UNIDADE BASICA DE SAUDE DE SITIO DO MEIO;-3.1706826956;-44.1622924805;POVOADO SITIO DO MEIO;S/N;SITIO DO MEIO
2644045;Caiu em cidade errada. Esperado: IBGE 210710;210710;UBS DE E SANTA CECILIA;-2.4718;-43.4241;POVOADO SANTA CECILIA;01;POVOADO SANTA CECILI
2644053;Fora do Brasil ou no mar;210980;USF DE SAO RAIMUNDO;-2.13488;-44.472352;POVOADO SAO RAIMUNDO;S/N;SAO RAIMUNDO
2644088;Fora do Brasil ou no mar;210980;USF DE SAO PEDRO;-2.27335;-44.294672;POVOADO SAO PEDRO;S/N;SAO PEDRO
2644312;Caiu em cidade errada. Esperado: IBGE 210250;210250;UNIDADE BASICA DE SAUDE BOA VISTA;-3.3200134856;-45.0119358301;POVOADO BOA VISTA;13;BOA VISTA
2644444;Caiu em cidade errada. Esperado: IBGE 210923;210923;POSTO DE SAUDE DE BURITIRANA;-5.593099400000001;-47.0143035;POVOADO DE BURITIRANA;S/N;CENTRO
2644460;Caiu em cidade errada. Esperado: IBGE 210923;210923;UBS ABAIXADINHO;-2.3840316282;-45.6534290314;POVOADO ABAIXADINHO;S/N;ZONA RURAL
2645181;Caiu em cidade errada. Esperado: IBGE 210565;210565;UNIDADE BASICA DE SAUDE DE SODRELANDIA;-1.817686;-46.124961;RUA DO COMERCIO;S/N;SODRELANDIA
2646285;Caiu em cidade errada. Esperado: IBGE 210455;210455;MARIA FERNANDES DIAS;-5.5316841;-47.48128120000001;RUA BENEDITO LEITE;740;CENTRO
2646889;Caiu em cidade errada. Esperado: IBGE 500730;500730;POSTO DE SAUDE DE NOVA ESPERANCA;-23.1893414;-52.2003341;AVENIDA BRASIL;S/N;CENTRO
2649969;Caiu em cidade errada. Esperado: IBGE 292350;292350;UNIDADE DE SAUDE DA FAMILIA DE CAETEACU;-12.716;-41.483;DISTRITO DE CAETEACU;0000000000;CENTRO
2651165;Caiu em cidade errada. Esperado: IBGE 220750;220750;PS BURITIZINHO;-5.978;-43.063;POV BURITIZINHO;S/N;Z RURAL
2652536;Caiu em cidade errada. Esperado: IBGE 150480;150480;POSTO DE SAUDE DO SETOR 9;-1.5480474;-53.781515;SETOR 9 DA RODOVIA PA 254;S/N;ZONA RURAL
2652609;Caiu em cidade errada. Esperado: IBGE 150480;150480;POSTO DE SAUDE DO SETOR 7;-1.5480474;-53.781515;SETOR 7 DA RODOVIA PA 254;S/N;ZONA RURAL
2658577;Caiu em cidade errada. Esperado: IBGE 280110;280110;CENTRO DE SAUDE DA FAMILIA POVOADO FRUTUOSO;-10.2315;-36.9612;POVOADO FRUTUOSO;S/N;POVOADO
2658895;Caiu em cidade errada. Esperado: IBGE 171820;171820;CAPS CENTRO DE ATENCAO PSICOSSOCIAL DE PORTO NACIONAL;-11.0759938078;-48.4002685547;RUA 1 E 2;S/N;JARDIM UMUARAMA
2659085;Caiu em cidade errada. Esperado: IBGE 320040;320040;LABORATORIO DE ANALISES CLINICAS;-19.5177334;-40.6566661;RUA MARECHAL DEODORO DA FONSECA;360;CENTRO
2659905;Caiu em cidade errada. Esperado: IBGE 521000;521000;UNIDADE DE SAUDE DA FAMILIA ELIAS SEBBA;-16.4640931;-49.9527858;RUA 01;S/N;VILA AMERICA
2659913;Caiu em cidade errada. Esperado: IBGE 521000;521000;UNIDADE DE SAUDE DA FAMILIA VILA MUTIRAO;-16.4569555;-49.9538765;RUA 03;S/N;VILA MUTIRAO
2669080;Caiu em cidade errada. Esperado: IBGE 220490;220490;UBS BRAULINO CLEMENTINO DA COSTA;-7.4812;-41.40388;LOCALIDADE MALHADA;S/N;ZONA RURAL
2676303;Caiu em cidade errada. Esperado: IBGE 150803;150803;PS ICARAU;-2.8979192;-40.11921770000001;LOCALIDADE ICARAU;S/N;ICARAU
2676842;Caiu em cidade errada. Esperado: IBGE 500460;500460;UNIDADE DE SAUDE DA FAMILIA JOAO BATISTA GALLINA;-23.4739536989;-54.2607879639;ASSENTAMENTO INDAIA;440;RURAL
2677466;Caiu em cidade errada. Esperado: IBGE 150460;150460;UNIDADE DE SAUDE DA FAMILIA DE IGARAPE GRANDE;-2.53049769;-49.41492898;COLONIA DE IGARAPE GRANDE;S/N;ZONA RURAL
2677474;Caiu em cidade errada. Esperado: IBGE 150460;150460;POSTO DE SAUDE DE ICATU;-2.6714558521;-49.5891952515;COLONIA DE ICATU;S/N;ZONA RURAL
2677660;Caiu em cidade errada. Esperado: IBGE 150400;150400;POSTO DE SAUDE DE CACAUAL;-1.9929299232;-49.5909118652;RIO CUPIJO;S/N;ZONA RURAL
2678691;Caiu em cidade errada. Esperado: IBGE 150170;150170;UNIDADE DE SAUDE DA FAMILIA DO CACOAL DO PERITORO;-1.485734346;-46.6434860229;CACOAL DE PERITORO;S/N;ZONA RURAL
2678888;Caiu em cidade errada. Esperado: IBGE 320370;320370;UNIDADE DE SAUDE DE ITAICI;-20.2935792;-41.2429056;RUA DO CAMPO;S/N;ITAICI
2681021;Caiu em cidade errada. Esperado: IBGE 410120;410120;UNIDADE BASICA DE SAUDE DO CACHOEIR NICE ALCANTARA MACHADO;-25.339675;-49.272153;SITIO CACHOEIRA;S/N;CACHOEIRA
2684187;Caiu em cidade errada. Esperado: IBGE 410160;410160;POSTO DE SAUDE SERRINHA;-11.662842;-39.0084965;SERRINHA;S/N;SERRINHA
2684209;Caiu em cidade errada. Esperado: IBGE 410160;410160;POSTO DE SAUDE RONCADOR;-24.5963663;-52.27399759999999;RONCADOR;S/N;RONCADOR
2684349;Caiu em cidade errada. Esperado: IBGE 412510;412510;POSTO DE SAUDE DE GUAIACA;-25.5862059;-50.1476543;GUAIACA;S/N;ZONA RURAL
2687437;Caiu em cidade errada. Esperado: IBGE 410160;410160;CLINICA DE OLHOS DR PAULO;-24.5244694;-50.4026783;RUA TELEMACO BORBA;488;CENTRO
2690624;Caiu em cidade errada. Esperado: IBGE 421240;421240;POSTO DE SAUDE PEDRINHAS;-28.4281250075;-49.1212766132;ESTRADA GERAL;S/N;PEDRINHAS
2690659;Caiu em cidade errada. Esperado: IBGE 421180;421180;POSTO DE SAUDE SANTA LUCIA;-27.345429;-51.613125;ZONA RURAL;S/N;DISTRITO DE SANTA LU
2694956;Caiu em cidade errada. Esperado: IBGE 150730;150730;UNIDADE BASICA DE SAUDE VILA KARAPANA;-6.7235974807;-51.5784072876;VILA KARAPANA;S/N;KARAPANA
2694999;Caiu em cidade errada. Esperado: IBGE 150730;150730;POSTO DE SAUDE SANTA ROSA;-27.8700347;-54.4797042;VILA SANTA ROSA;S/N;SANTA ROSA
2696576;Caiu em cidade errada. Esperado: IBGE 330380;330380;UNIDADE DE SAUDE DA FAMILIA DA PONTA GROSSA;-25.0993784;-50.1582927;PONTA GROSSA;S/N;PONTA GROSSA
2696592;Caiu em cidade errada. Esperado: IBGE 330380;330380;UNIDADE DE SAUDE DA FAMILIA DE LARANJEIRAS;-22.9332627;-43.1850071;LARANJEIRAS;S/N;LARANJEIRAS
2696703;Fora do Brasil ou no mar;330050;POSTO DE SAUDE DA FAMILIA BOA ESPERANCA;-23.0797317624;-42.802734375;RUA PRINCIPAL;S/N;JARDIM BOA ESPERANCA
2697319;Caiu em cidade errada. Esperado: IBGE 150470;150470;POSTO DE SAUDE VILA TRINDADE;-20.460572;-55.79605669999999;VILA TRINDADE;;ZONA RURAL
2700468;Fora do Brasil ou no mar;431100;CAPS SITIO DE RECUPERACAO TERAPEUTICA RENASCER;-32.577;-53.371;PCA ANTONIO LIMA;94;KENNEDY
2702541;Fora do Brasil ou no mar;355540;PAS DA ALMADA UBATUBA;-23.3608862;-44.8883472;PRAIA DA ALMADA;S/N;ALMADA
2706555;Caiu em cidade errada. Esperado: IBGE 314880;314880;POSTO DE SAUDE DE ENTRE RIOS;-26.7235588;-52.5629571;ZONA RURAL;S/N;ZONA RURAL
2708094;Caiu em cidade errada. Esperado: IBGE 130310;130310;UNIDADE BASICA DE SAUDE VILA FLOR;-3.6953647367;-58.5238265991;RIO CURUPIRA;S/N;ZONA RURAL
2713209;Caiu em cidade errada. Esperado: IBGE 261050;261050;USF OLHO D AGUA DE FIGUEIRAS;-7.98122;-35.63062;SITIO OLHO DAGUA DE FIGUEIRAS;01;ZONA RURAL
2713268;Caiu em cidade errada. Esperado: IBGE 260765;260765;POSTO DE SAUDE SAO LOURENCO;-22.1176641;-45.0527806;SAO LOURENCO;S/N;SAO LOURENCO
2713535;Caiu em cidade errada. Esperado: IBGE 261150;261150;UNIDADE DE SAUDE DA FAMILIA VALDENISSO SALUSTIANO DA SILVA;-8.843492077;-36.1145939189;RUA DA IGREJA;001;ZONA RURAL
2714159;Caiu em cidade errada. Esperado: IBGE 261510;261510;POSTO DE SAUDE OLHO DAGUINHA;-8.9221330016;-36.6262573093;SITIO OLHO DAGUINHA;S/N;RURAL
2714884;Caiu em cidade errada. Esperado: IBGE 261440;261440;ESF SAO FRANCISCO;-7.553553;-37.708438;POVOADO SAO FRANCISCO;S/N;ZONA RURAL
2719134;Caiu em cidade errada. Esperado: IBGE 270210;270210;AMBULATORIO DANIEL MONTEIRO DA CRUZ;-8.90843352;-35.7226896286;DESTILARIA PORTO ALEGRE;S/N;ZONA RURAL
2719142;Caiu em cidade errada. Esperado: IBGE 270210;270210;UNIDADE BASICA DE SAUDE USINA TAQUARA;-8.9087515023;-35.7223463058;USINA TAQUARA;S/N;ZONA RURAL
2719150;Caiu em cidade errada. Esperado: IBGE 270210;270210;UNIDADE BASICA DE SAUDE JOSE LUIZ LESSA;-8.9088574964;-35.7224535942;RUA DA MANGUEIRA;S/N;CENTRO
2719169;Caiu em cidade errada. Esperado: IBGE 270210;270210;UNIDADE BASICA DE SAUDE CENTRO;-8.9083699235;-35.7221961021;SEVERINO FERREIRA DE LIMA;S/N;CENTRO
2719177;Caiu em cidade errada. Esperado: IBGE 270210;270210;UNIDADE BASICA DE SAUDE VILA NOVA;-8.9085819118;-35.7220888138;VILA NOVA;S/N;CENTRO
2720558;Caiu em cidade errada. Esperado: IBGE 270090;270090;POSTO DE SAUDE DE RESTINGA;-9.812765;-37.298313;POVOADO DE RESTINGA;S/N;ZONA RURAL
2720566;Caiu em cidade errada. Esperado: IBGE 270370;270370;POSTO DE SAUDE DE SANTA CRUZ;-22.9208226;-43.6809034;POVOADO FAZENDA NORA;S/N;CENTRO
2721252;Caiu em cidade errada. Esperado: IBGE 270880;270880;UNIDADE DE SAUDE DA FAMILIA SAPE;-9.5718;-36.32104;GADO BRAVO;1;ZONA RURAL
2721325;Caiu em cidade errada. Esperado: IBGE 270880;270880;POSTO DE SAUDE TERRA NOVA;-9.58398;-36.34564;POVOADO TERRA NOVA;S/N;ZONA RURAL
2723263;Caiu em cidade errada. Esperado: IBGE 231050;231050;UNIDADE BASICA DE SAUDE DO CAPITAO MOR;-5.3724;-39.595;RUA VICENTE FIALHO;S/N;DISTRITO CAPITAO MOR
2724839;Caiu em cidade errada. Esperado: IBGE 230630;230630;UNIDADE BASICA DE SAUDE DE CAMARA;-3.6297875136;-39.6309417486;RUA MUNDIM ROSENO;S/N;CAMARA
2725010;Caiu em cidade errada. Esperado: IBGE 230533;230533;POSTO DE SAUDE DE DOIS IRMAOS;-29.5883462;-51.0877223;DOIS IRMAOS;S/N;CENTRO
2725088;Caiu em cidade errada. Esperado: IBGE 230835;230835;POSTO DE SAUDE DE GROSSOS;-4.9810914;-37.16238209999999;GROSSOS;S/N;GROSSOS
2725924;Caiu em cidade errada. Esperado: IBGE 231220;231220;POSTO DE SAUDE E C PARTO PALESTINA;-20.3910655;-49.43413839999999;PALESTINA;S/N;PALESTINA
2730294;Caiu em cidade errada. Esperado: IBGE 412050;412050;POSTO DE SAUDE DE IBIACI;-22.937112306;-51.0214734077;RUA B;S/N;IBIACI
2731703;Caiu em cidade errada. Esperado: IBGE 411640;411640;UAPSF UNIDADE DE ATENCAO PRIMARIA SAUDE DA FAMILIA;-22.545;-51.4738;EXTENSAO DA AVENIDA CURITIBA;630;CENTRO
2739135;Caiu em cidade errada. Esperado: IBGE 411980;411980;PSF3 CENTRO NOVO PLANALTO;-25.4646;-53.4737;CENTRO NOVO;S/N;CENTRO NOVO
2739151;Caiu em cidade errada. Esperado: IBGE 410965;410965;POSTO DE SAUDE COPEL SEGREDO III;-25.7888391;-52.0947563;ASSENTAMENTO SEGREDO III COPEL;S/N;RURAL
2739224;Caiu em cidade errada. Esperado: IBGE 410347;410347;POSTO DE SAUDE LAERCIO BOSCARIOLI;-23.87914;-53.52096;RUA MARINGA;273;CENTRO
2739348;Caiu em cidade errada. Esperado: IBGE 410650;410650;POSTO DE SAUDE DE SANTO ANTONIO DO SALTO GRANDE;-25.98666;-52.74403;SANTO ANTONIO DO SALTO GRANDE;S/N;VILA
2739550;Caiu em cidade errada. Esperado: IBGE 410965;410965;POSTO DE SAUDE NOSSA SENHORA DA VITORIA;-14.8416701;-39.0306915;LINHA NOSSA SENHORA DA VITORIA;S/N;RURAL
2739631;Caiu em cidade errada. Esperado: IBGE 410990;410990;UNIDADE DE ATENCAO A SAUDE PORTO CAMARGO;-23.45;-53.69;RUA SANTA CATARINA;S/N;CENTRO
2739666;Caiu em cidade errada. Esperado: IBGE 411980;411980;PSF1 SAGRADA FAMILIA SAO JOAO PLANALTO;-25.4114;-53.4122;SAGRADA FAMILIA;S/N;SAGRADA FAMILIA
2739798;Caiu em cidade errada. Esperado: IBGE 410570;410570;POSTO DE SAUDE SAO LUIZ;-25.4482542;-49.4491425;VILA SAO LUIZ;S/N;SAO LUIZ
2740869;Caiu em cidade errada. Esperado: IBGE 412750;412750;POSTO DE SAUDE CACHOEIRAO;-23.4642964;-51.83328969999999;EST CACHOEIRAO KM 4 1 BR 376 KM433 5;S/N;CACHOEIRAO
2742616;Caiu em cidade errada. Esperado: IBGE 411930;411930;POSTO DE SAUDE DE BARREIROS;-8.8120471;-35.1995417;INTERIOR;S/N;ZONA RURAL
2743272;Caiu em cidade errada. Esperado: IBGE 412796;412796;PS RIO PEDRINHO;-24.914967469252;-51.5256225534236;RIO PEDRINHO;S/N;ZONA RURAL
2744104;Caiu em cidade errada. Esperado: IBGE 110026;110026;PS LINHA C 105 RIO CRESPO;-10.0931934;-62.9673792;BR 364 LINHA C 105 GLEBA II;S/N;ZONA RURAL
2744333;Caiu em cidade errada. Esperado: IBGE 110026;110026;PS VILA BATISTA RIO CRESPO;-20.3366831;-40.3350977;BR 364 LINHA C 100;S/N;ZONA RURAL
2746085;Caiu em cidade errada. Esperado: IBGE 353700;353700;UBS DE IGACABA PEDREGULHO;-20.0610912296;-47.5296020508;RUA LUDOVICO TONIATO;68;CENTRO
2747642;Caiu em cidade errada. Esperado: IBGE 353205;353205;ESTRATEGIA SAUDE DA FAMILIA MARIA NAIR DE SOUZA PEREIRA;-21.621686076;-48.1475830078;FAZENDA MONTE ALEGRE ASSENTAMENTO 1;S/N;RURAL
2747936;Caiu em cidade errada. Esperado: IBGE 353560;353560;PAS DA FAZENDA CACHOEIRA PARAIBUNA;-23.3682483;-46.23042179999999;ESTRADA DA CACHOEIRA;111;CACHOEIRA
2750449;Caiu em cidade errada. Esperado: IBGE 350240;350240;CONSULTORIO ISOLADO DE PSICOLOGIA FUNDO S DE SOLIDARIEDADE;-22.2734145;-51.4951538;RUA ANGELO SEREGUETTI;586;CENTRO
2750953;Caiu em cidade errada. Esperado: IBGE 354130;354130;ESF JARDIM REAL;-21.688695293;-51.8671417236;RUA GUANABARA;2849;JARDIM REAL
2751054;Caiu em cidade errada. Esperado: IBGE 354130;354130;SINDICATO DOS TRABALHADORES RURAIS PRES EPITACIO;-21.7529629446;-52.1455764771;MACEIO;232;CENTRO
2751402;Caiu em cidade errada. Esperado: IBGE 354130;354130;VISA PRES EPITACIO;-21.8863415;-51.7271584;RUA PRESIDENTE VARGAS;2130;CENTRO
2754177;Caiu em cidade errada. Esperado: IBGE 412020;412020;NIS I RELIQUIA DO NORTE;-22.813331;-53.245797;AVENIDA PRINCIPAL;S/N;RELIQUIA DO NORTE
2758652;Caiu em cidade errada. Esperado: IBGE 317070;317070;UNIDADE BASICA DE SAUDE ZONA RURAL;-21.3340327568;-45.2462482452;FAZENDA RIBEIRAO SANTANA;S/N;ZONA RURAL
2767635;Caiu em cidade errada. Esperado: IBGE 510340;510340;SIATE 048 CUIABA;-15.6632083;-56.1320737;AV CASTELO BRANCO;1600;JD IMPERADOR
2769492;Caiu em cidade errada. Esperado: IBGE 522045;522045;UNIDADE DE SAUDE DA FAMILIA VILA GALVAO;-16.6983537019;-49.1889667511;RUA ANAPOLIS QD 02A LT 03;S/N;SETOR GALVAO
2778173;Caiu em cidade errada. Esperado: IBGE 220510;220510;PS LAGOA DE DENTRO;-6.6734902;-35.3763596;LAGOA DE DENTRO;S/N;ZONA RURAL
2783118;Caiu em cidade errada. Esperado: IBGE 412170;412170;POSTO DE SAUDE BARRA BONITA;-22.4884605;-48.5647392;RUA PRINCIPAL;S/N;BARRA BONITA
2783444;Caiu em cidade errada. Esperado: IBGE 412690;412690;POSTO DE SAUDE OURO VERDE;-23.9895018;-52.7656661;RUA PRINCIPAL;S/N;CENTRO
2783525;Fora do Brasil ou no mar;410880;UNIDADE DE APOIO RURAL SALAMANCA;40.9701039;-5.663539699999999;AVENIDA PRINCIPAL;S/N;ZONA RURAL
2793164;Caiu em cidade errada. Esperado: IBGE 431861;431861;POSTO DE SAUDE DE LINHA BONITA BAIXA;-29.4958436629;-51.4739888906;LINHA BONITA BAIXA;0;INTERIOR
2794934;Caiu em cidade errada. Esperado: IBGE 316520;316520;PSF ANA LAURA DE JESUS;-21.432;-44.59118;RUA CAPITAO FRANCISCO PINTO DE SOUZA;50;CENTRO
2795892;Caiu em cidade errada. Esperado: IBGE 510792;510792;UNIDADE MISTA DE SAUDE BOA ESPERANCA USF V;-13.5082977701;-55.1519143581;AVENIDA DAS BROMELIAS;S/N;DIST BOA ESPERANCA
2798085;Caiu em cidade errada. Esperado: IBGE 241200;241200;CENTRO MEDICO SAUDE DA FAMILIA;-5.7769943;-35.2512960796;TOMAZ LANDIM;S/N;IGAPO
2798417;Caiu em cidade errada. Esperado: IBGE 140005;140005;POSTO DE SAUDE MALOCA DO TRUARU;3.224566;-60.98496009999999;RUA PRINCIPAL;S/N;CENTRO
2799383;Caiu em cidade errada. Esperado: IBGE 291830;291830;CENTRO SAUDE LUIS VIANA FILHO;-14.01022;-39.53217;RUA MANOEL ALVES MEIRA;S/N;CENTRO
2801418;Caiu em cidade errada. Esperado: IBGE 291170;291170;CONSULTORIO ODONTOLOGICA DR JOSE CARLOS GOMES LTDA;-14.1788982;-44.5422584;RUA 02 DE JULHO;14;CENTRO
2803283;Caiu em cidade errada. Esperado: IBGE 110008;110008;PS LINHA 010 COSTA MARQUES;-12.0687642;-63.6625545;BR 429 KM 010;S/N;ZONA RURAL
2803410;Caiu em cidade errada. Esperado: IBGE 110094;110094;PS CC 002;-10.4711548;-62.44547970000001;BR 364 LINHA C 02 GLEBA 01;S/N;ZONA RURAL
2812932;Caiu em cidade errada. Esperado: IBGE 251620;251620;POSTO DE SAUDE VARZEA DO CANTINHO;-6.812729;-38.1235921;SITIO VARZEA DO CANTINHO;S/N;ZONA RURAL
2813246;Caiu em cidade errada. Esperado: IBGE 251620;251620;UNIDADE DE SAUDE DA FAMILIA SAO GONCALO;-22.8233781;-43.0462495;RUA ALTO DO CATERE;S/N;SAO GONCALO
2821230;Caiu em cidade errada. Esperado: IBGE 320090;320090;POSTO DE SAUDE CORREGO DO MIRACEMA;-21.4164739;-42.2022675;CORREGO;S/N;CORREGO MIRACEMA
2821389;Caiu em cidade errada. Esperado: IBGE 210490;210490;VIGILANCIA SANITARIA E EPIDEMIOLOGICA;-2.5333517;-44.6120519;RUA SANTA RITA;S/N;CENTRO
2822326;Caiu em cidade errada. Esperado: IBGE 411915;411915;UNIDADE MOVEL ONIBUS;-25.4806473;-49.24624379999999;1 DE MAIO;428;CENTRO
2823284;Caiu em cidade errada. Esperado: IBGE 292580;292580;USF DE LAGOINHA;-11.565912;-39.974556;POVOADO LAGOINHA;S/N;ZONA RURAL
2834278;Caiu em cidade errada. Esperado: IBGE 430350;430350;SAO JOAO FARMACIAS;-30.7050937;-52.1041176;JULIO DE CASTILHOS;492;CENTRO
2834669;Caiu em cidade errada. Esperado: IBGE 412480;412480;AR ODONTOLOGIA;-25.6164631;-53.6928707;PARANA;531;CENTRO
2846926;Caiu em cidade errada. Esperado: IBGE 130040;130040;POLO BASE HEMARIPIWEI;-0.13485;-64.10562;ALDEIA BANDEIRA BRANCA E PANANA;S/N;CENTRO
2854856;Caiu em cidade errada. Esperado: IBGE 432260;432260;GM;-29.7125;-52.1955;1 DE MARCO;1066;CENTRO
2856239;Caiu em cidade errada. Esperado: IBGE 150616;150616;CAF CENTRAL DE ABASTECIMENTO FARMACEUTICO DE RIO MARIA;-7.1177218881;-50.1800295711;AVENIDA 08 ESQUINA COM A 11;S/N;CENTRO
2862735;Caiu em cidade errada. Esperado: IBGE 211157;211157;POSTO DE SAUDE MUNDICO FONSECA;-6.838;-46.545;ASSENTAMENTO 17 DE ABRIL;S/N;ZONA RURAL
2863294;Caiu em cidade errada. Esperado: IBGE 320070;320070;UNIDADE DE VIGILANCIA AMBIENTAL DE ATILIO VIVACQUA;-20.545;-41.1153;RUA FLORCINDA LEAL;40;CENTRO
2869497;Caiu em cidade errada. Esperado: IBGE 260775;260775;;-7.79086;-34.92732;ROD BR 101;S/N;MANGABEIRA
2874695;Caiu em cidade errada. Esperado: IBGE 313960;313960;NEUROAXON LTDA;-18.4652;-40.5852;SANTA LUZIA;92;CENTRO
2875322;Caiu em cidade errada. Esperado: IBGE 293010;293010;MARCOS PROTESES DENTARIAS;-10.7484271;-40.36376;RUA DA SAUDE;810;CENTRO
2887436;Caiu em cidade errada. Esperado: IBGE 150770;150770;UNIDADE BASICA DE SAUDE VILA PATAUAZAL;-1.4225833069;-49.8010253906;RIO PATAUAZAL;S/N;ZONA RIBEIRINHA
2887533;Caiu em cidade errada. Esperado: IBGE 521860;521860;AMBULANCIA UTI MOVEL;-15.3148790658;-49.5841312408;PRACA DA ESTACAO RODOVIARIA;48;CENTRO
2888912;Caiu em cidade errada. Esperado: IBGE 520540;520540;LDR SERVICOS MEDICOS;-15.3088121;-49.6814392;BRASIL;902;CENTRO
2889471;Caiu em cidade errada. Esperado: IBGE 430490;430490;ART ORAL CLINICA ODONTOLOGICA;-29.2919676;-51.5104549;DR CARLOS BARBOSA;361;CENTRO
2907879;Caiu em cidade errada. Esperado: IBGE 171360;171360;LA VITA CLINICA MEDICA LTDA;-10.4546975669;-48.6320006847;CH CREPUSCULO DOURADO;S/N;SUBURBANO
2907933;Caiu em cidade errada. Esperado: IBGE 330180;330180;SAUDE VOCE;-22.5502343959;-43.677778244;JOAO BATISTA FERRINI;178;CENTRO
2912503;Caiu em cidade errada. Esperado: IBGE 522045;522045;RIBEIRO ARAUJO E SA SERVICOS MEDICOS LTDA;-16.5887623;-49.3405543;BV 4;S/N;RESIDENCIAL BOA VIST
2913313;Fora do Brasil ou no mar;420600;ALVES E REIS ODONTOLOGIA E SAUDE;-27.31751;-48.56173;BELA VISTA;970;CALHEIROS
2913860;Caiu em cidade errada. Esperado: IBGE 315780;315780;CLINICA VIVENCIAR SAUDE;-19.7915797946;-43.9260864258;PARA;922;ASTECA SAO BENEDITO
2915448;Caiu em cidade errada. Esperado: IBGE 432010;432010;SORRIDI LABORATORIO DE PROTESE;-28.3615544218;-53.2476257;ALBERTO PASQUALINI;1229;CENTRO
2921774;Caiu em cidade errada. Esperado: IBGE 270310;270310;POLO ACADEMIA DE SAUDE DE CARAIBINHAS;-9.4876674159;-36.6909778118;POVOADO CARAIBINHAS;S/N;ZONA RURAL
2929902;Caiu em cidade errada. Esperado: IBGE 260480;260480;LABORATORIO CORTES;-8.502978;-35.5135846;SIRINHAEM;75;CENTRO
2937824;Caiu em cidade errada. Esperado: IBGE 510785;510785;POSTO DE SAUDE PA DOM PEDRO;-11.490942;-50.320438;ASSENTAMENTO PA DOM PEDRO;S/N;AGROVILA TREVO DO MA
2939193;Caiu em cidade errada. Esperado: IBGE 240330;240330;LABORATORIO BIO ANALISES;-6.209;-38.297;RUA PROJETADA;22;AGUA NOVA
2939797;Caiu em cidade errada. Esperado: IBGE 421730;421730;SAUDADES SERVICOS EM SAUDE;-26.6976761508;-52.638437748;BRASIL;145;CENTRO
2944499;Caiu em cidade errada. Esperado: IBGE 311360;311360;MERITO CONSULTORIA SAUDE E SEGURANCA OCUPACIONAL;-22.0474814312;-45.6983613968;FERNAO DIAS ANTIGA BR 381;1015;CENTRO
2947110;Caiu em cidade errada. Esperado: IBGE 120060;120060;ACADEMIA DE SAUDE MARIA DA LUZ;-8.123456;-70.123456;ANTONIO PINTO;S/N;SENADOR POMPEU
2960982;Caiu em cidade errada. Esperado: IBGE 110018;110018;UBSI DA ALDEIA ROOSEVELT CENTRAL;-11.525;-61.013;ALDEIA ROOSEVELT CENTRAL;S/N;ZONA RURAL
2961032;Caiu em cidade errada. Esperado: IBGE 110018;110018;UBSI ROOSEVELT MAWANAT;-11.525;-61.013;ALDEIA ROOSEVELT MAWANAT;S/N;ZONA RURAL
2963485;Caiu em cidade errada. Esperado: IBGE 261230;261230;MADELAINE DEL ROCIO ALONSO MONTALVAN;-8.5824815;-35.3871717;PRACA AGAMENON MAGALHAES;88;CENTRO
2987457;Fora do Brasil ou no mar;290340;CLINICA ODONTOLOGICA DR FABIO CORREA DE BARROS;-15.843;-38.843;PRACA DA MATRIZ;5;CENTRO
2987740;Caiu em cidade errada. Esperado: IBGE 261060;261060;CLINICA SERENIT;-7.9250246599;-35.0345528126;EST DE ALDEIA;S/N;ALDEIA
2994712;Caiu em cidade errada. Esperado: IBGE 410760;410760;DESENVOLVA SAUDE E SEGURANCA DO TRABALHO;-24.0013080925;-51.4764404297;BRASIL;2024;CENTRO
3001369;Caiu em cidade errada. Esperado: IBGE 260600;260600;USF MIRACICA I;-8.9871998598;-36.5288114548;DISTRITO DE MIRACICA;S/N;RURAL
3005143;Caiu em cidade errada. Esperado: IBGE 520549;520549;UNIDADE MOVEL TERRESTRE II;-16.0754203;-47.97045500000001;SQ 10 QD 08;S/N;AREA ESPECIAL
3011658;Caiu em cidade errada. Esperado: IBGE 150490;150490;POSTO DE SAUDE RAIMUNDO COELHO DA SILVA;-1.428;-49.517;ILHA PALHETA;001;ZONA RURAL
3014444;Caiu em cidade errada. Esperado: IBGE 240050;240050;UNIDADE DE SAUDE DA FAMILIA CARNAUBAL;-6.171;-37.564;SITIO CARNAUBAL;S/N;ZONA RURAL
3018954;Caiu em cidade errada. Esperado: IBGE 280480;280480;US ANTONIO CARLOS LEITE FRANCO;-10.9155039788;-37.1594524384;TRAVESSA VASCO;S/N;SANTO INACIO
3022528;Caiu em cidade errada. Esperado: IBGE 530180;530180;JOSE HONORIO BORGES;-15.7975154;-47.89188739999999;C 12 A E PARA CINEMA 01 SOBRELOJA 16;S/N;TAGUATINGA
3023478;Caiu em cidade errada. Esperado: IBGE 530130;530130;DIEGO CARVALHO SANTOS;-15.8316022;-47.85971199999999;QUADRA102 CONJUNTO12;02;RECANTO DAS EMAS
3025403;Caiu em cidade errada. Esperado: IBGE 530100;530100;CLINILAB;-15.8690333;-47.9668416;AV CENTRAL LOTE 635B SALA 205;205;NUCLEO BANDEIRANTE
3025942;Caiu em cidade errada. Esperado: IBGE 530070;530070;AURELINO BELLAS LUSTOSA;-15.8160142;-47.9158182;QI 27 BL A LOJA;23;GUARA
3026639;Caiu em cidade errada. Esperado: IBGE 530070;530070;ROSANGELA MARCIA DOS SANTOS NASCIMENTO;-15.8179719;-47.9793025;QI 27 BLOCO A SALA;203;GUARA
3026744;Caiu em cidade errada. Esperado: IBGE 530070;530070;PERLA DIAS MATTIOLI;-15.8212368;-47.98537049999999;QI 31 BL A SALA;112;GUARA
3026760;Caiu em cidade errada. Esperado: IBGE 530070;530070;ANDREZA LIMA BEZERRA;-15.8408693;-47.9745958;QI 31 BLOCO A SALA;113;GUARA
3026809;Caiu em cidade errada. Esperado: IBGE 530070;530070;LUCIA RIBEIRO PINHEIRO;-15.8223146;-48.0653016;EQ 3133 LOTE 5 CENTRO COMUNAL II SALA;112;GUARA
3026817;Caiu em cidade errada. Esperado: IBGE 530070;530070;MARIA GORETI SOARES MENEZES;-15.8223146;-48.0653016;EQ 3133 LOTE 5 CENTRO COMUNAL II SALA;219;GUARA
3026825;Caiu em cidade errada. Esperado: IBGE 530070;530070;RENATO ALMEIDA DE MOURA;-15.81463;-47.85311;EQ 3133 LOTE 5 CENTRO COMUNAL II SALA;310;GUARA
3026833;Caiu em cidade errada. Esperado: IBGE 530070;530070;CARLOS MAGNO CABRAL PELUCIO SILVA;-15.81463;-47.85311;EQ 3133 LOTE 5 CENTRO COMUNAL II SALA;314;GUARA
3027872;Caiu em cidade errada. Esperado: IBGE 530070;530070;LABORATORIO SABIN DE ANALISES CLINICAS LTDA;-15.7820148;-47.9081201;QE 30 CONJUNTO J CASA;02;GUARA II
3027937;Caiu em cidade errada. Esperado: IBGE 530050;530050;LABORATORIO SABIN;-15.81463;-47.85311;SHCAOS EA 28 LOTE 5 SALAS;119120;OCTOGONAL
3028569;Caiu em cidade errada. Esperado: IBGE 421860;421860;UNIDADE DE SAUDE BRACATINGA I;-27.2560504;-50.0455054;BR 470 KM161 BRACATINHA I;S/N;BRACATINGA
3030229;Caiu em cidade errada. Esperado: IBGE 293300;293300;POSTO DE SAUDE ITARERU;-11.3648339638;-39.2799532413;DISTRITO DE ITARERU;S/N;ZONA RURAL
3030660;Caiu em cidade errada. Esperado: IBGE 530170;530170;MAXIODONTO;-15.6517606;-47.7896534;QUADRA CENTRAL BL 13 LOTE;24;SOBRADINHO
3031187;Caiu em cidade errada. Esperado: IBGE 530170;530170;ADRIANA RABELO LABOSSIERE CIA LTDA;-15.6454863;-47.76880269999999;AR 09 CONJ 01 LOTE 01 LOJA;04;SOBRADINHO  II
3031195;Caiu em cidade errada. Esperado: IBGE 530170;530170;ADRIANO FERREIRA BARBOZA;-15.708703;-47.91437519999999;QDA 01 LOTE ESPECIAL 01 SALA;08;SOBRADINHO
3031209;Caiu em cidade errada. Esperado: IBGE 530170;530170;ALDAFRAN CABRAL DE OLIVEIRA;-15.826691;-47.92182039999999;QDA CENTRAL BL 12 LOTE 02 APT;101;SOBRADINHO
3031217;Caiu em cidade errada. Esperado: IBGE 530170;530170;ALEXANDRE MORALES CASTILLO OLMEDA;-15.708703;-47.91437519999999;QDA 06 AREA RESEVADA 04 SALA;301;SOBRADINHO
3031225;Caiu em cidade errada. Esperado: IBGE 530170;530170;ALFREDO DELANO SALVIATO BATISTA;-15.8591986;-48.0243681;QD CENTRAL LOTE 01 BL C LOJA;03;SOBRADINHO
3031268;Caiu em cidade errada. Esperado: IBGE 530170;530170;WEI QI MEDICINA INTEGRADA ACUMPUTURA ORTOPEDIA;-15.708703;-47.91437519999999;QD 06 AREA RESERVADA 04 SALA;101;SOBRADINHO
3031314;Caiu em cidade errada. Esperado: IBGE 530170;530170;ANA CRISTINA DE OLIVEIRA;-15.6876184;-47.8255148;COND RK CONJ ANTARES GLEBA C LOTE;09;SOBRADINHO
3031322;Caiu em cidade errada. Esperado: IBGE 530170;530170;ANDREA TELES SILVEIRA;-15.708703;-47.91437519999999;QDA 01 CL 17 LOJA;01;SOBRADINHO
3031330;Caiu em cidade errada. Esperado: IBGE 530170;530170;ANITA DE JESUS SILVA FERREIRA;-15.708703;-47.91437519999999;QDA 06 CL18 SALA;03;SOBRADINHO
3031349;Caiu em cidade errada. Esperado: IBGE 530170;530170;ANTONIO ALVES MENDONCA;-15.7975154;-47.89188739999999;QDA CENTRAL BL 13 LOTE 02 SALA;02;SOBRADINHO
3031357;Caiu em cidade errada. Esperado: IBGE 530170;530170;ANT0NIO COSTA DE SOUZA;-15.708703;-47.91437519999999;QUADRA 08 CONJUNTO A LOTE 04 SALA 01;;SOBRADINHO
3031403;Caiu em cidade errada. Esperado: IBGE 530170;530170;ASSOCIACAO DA IGREJA METOISTA QUINTA REGIAO ECLESIASTICA;-15.8067361;-48.085449;QDA 06 AREA ESPECIAL;07;SOBRADINHO
3031446;Caiu em cidade errada. Esperado: IBGE 530170;530170;CAIXA AUXILIADORA DOS PRACAS DA PM DO DF;-15.6510152;-47.7893482;QDA CENTRAL BL 12 LOTE 12 SALA;01;SOBRADINHO
3031454;Caiu em cidade errada. Esperado: IBGE 530170;530170;CAMEP;-15.708703;-47.91437519999999;QDA 06 CL 15 LOJAS;0304;SOBRADINHO
3031462;Caiu em cidade errada. Esperado: IBGE 530170;530170;CARLA KARINA SANTOS CARVALHO;-15.8255023;-47.9281782;MC 01 LOTE 15 SALA;102;SOBRADINHO
3031470;Caiu em cidade errada. Esperado: IBGE 530170;530170;CARLOS HENRIQUE PEPINO MODESTO;-15.7594761;-47.8817613;QDA06  AREA  RESERVADA  04   SALAS;312;SOBRADINHO
3031489;Caiu em cidade errada. Esperado: IBGE 530170;530170;CEICON;-15.7087993;-47.91422679999999;QDA 13 AREA RESERVADA  02;;SOBRADINHO
3031500;Caiu em cidade errada. Esperado: IBGE 530170;530170;CENTRO INTEGRADO DE ODONTOLOGIA;-15.708703;-47.91437519999999;QDA 08 BL 18 LOTE 12 SALA;01;SOBRADINHO
3031527;Caiu em cidade errada. Esperado: IBGE 530170;530170;CENTRO ODONTOLOGICO SERGIO TIMOTEO LTDA;-15.7975608;-47.8919122;QDA CENTRAL BLOCO 13 LOTE;18;SOBRADINHO
3031551;Caiu em cidade errada. Esperado: IBGE 530170;530170;CIMENTOS TOCANTINS SA;-15.7975154;-47.89188739999999;ROD DF 150 KM 18;;SOBRADINHO
3031616;Caiu em cidade errada. Esperado: IBGE 530170;530170;CISOS;-15.7809248;-48.0013572;QD 06 AREA RESERVADA 04 SALA;204;SOBRADINHO
3031659;Caiu em cidade errada. Esperado: IBGE 530170;530170;CLINICA DE OLHOS PRISMA;-15.8444934;-47.9847103;QD 08 BL 11 LOTES 01 02 E 03 LOJA;01;SOBRADINHO
3031667;Caiu em cidade errada. Esperado: IBGE 530170;530170;CLINEURO;-15.708703;-47.91437519999999;QUADRA 01 CONJUNTO A CASA;55;SOBRADINHO
3031713;Caiu em cidade errada. Esperado: IBGE 530170;530170;CLINICA MATERNO INFANTIL RIVETTI;-15.6452079;-47.8023368;QDA 08 BL 01 LT 04 APT;01;SOBRADINHO
3031756;Caiu em cidade errada. Esperado: IBGE 530170;530170;CLINICA ODONTOLOGICA SANTA HELENA;-15.708703;-47.91437519999999;QD 08 CL 23 SALA;201;SOBRADINHO
3031764;Caiu em cidade errada. Esperado: IBGE 530170;530170;CLINICA ORNELLAS SIMABUKO;-15.8070738;-48.0852567;QDA 07 AREA ESPECIAL 04 SALAS;S/N;SOBRADINHO
3031772;Caiu em cidade errada. Esperado: IBGE 530170;530170;DENTAURUS CONSULTORIO;-15.7864401;-47.88874029999999;QD 05 CL 11 APT;102;SOBRADINHO
3031780;Caiu em cidade errada. Esperado: IBGE 530170;530170;OFTALCLINICA DIVA;-15.708703;-47.91437519999999;QDA 06 AREA RESERVADA 04  SALA;S/N;SOBRADINHO
3031810;Caiu em cidade errada. Esperado: IBGE 530170;530170;OFTALCLINICA;-15.708703;-47.91437519999999;QDA 06 AREA RESERVADA 04 SALA;S/N;SOBRADINHO
3031829;Caiu em cidade errada. Esperado: IBGE 530170;530170;HOLOPSICOMEDICA;-15.708703;-47.91437519999999;QDA 06 CL 20 APARTAMENTO;01;SOBRADINHO
3031845;Caiu em cidade errada. Esperado: IBGE 530170;530170;CLINICA DE FONOAUDIOLOGIA DE SOBRADINHO;-15.708703;-47.91437519999999;QD 06 AREA RESERVADA 04 SALA;107;SOBRADINHO
3031861;Caiu em cidade errada. Esperado: IBGE 530170;530170;CLINICA SAO PAULO;-15.6546086;-47.7939778;QD 02 CONJ CD LOTE A LOJA;10;SOBRADINHO
3031888;Caiu em cidade errada. Esperado: IBGE 530170;530170;CLINICA SORRIDENTE;-15.826691;-47.92182039999999;QDA CENTRAL BL 13 LOTE 02 SALA;01;SOBRADINHO
3031969;Caiu em cidade errada. Esperado: IBGE 530170;530170;ODONCENTER;-15.826691;-47.92182039999999;QDA CENTRAL BL 12 LOTE 14 PT;02;SOBRADINHO
3031977;Caiu em cidade errada. Esperado: IBGE 530170;530170;SESI;-15.8070061;-48.0852095;QDA 13 AREA ESPECIAL 03 LOTE AIF;;SOBRADINHO
3031985;Caiu em cidade errada. Esperado: IBGE 530170;530170;CLINICA DENTARIA;-15.8070738;-48.0852567;QD 07 AREA ESPECIAL 04 LOJA;30;SOBRADINHO
3032000;Caiu em cidade errada. Esperado: IBGE 530170;530170;VITAE CLINICA MEDICA SC LTDA;-15.7087431;-47.91440679999999;QDA 07 LOTE ESPECIAL 04 LOJAS;S/N;SOBRADINHO
3032876;Caiu em cidade errada. Esperado: IBGE 530170;530170;CLINICA MEDICA SOBRADINHO LTDA;-15.6573342;-47.80049460000001;ES 12A SN LOTE;13;SOBRADINHO
3032892;Caiu em cidade errada. Esperado: IBGE 530170;530170;CLINICA ODONTOLOGICA MARQUES E QUEIROZ;-15.708703;-47.91437519999999;QD 08 BL 05 LT 04 SALA;101;SOBRADINHO
3032922;Caiu em cidade errada. Esperado: IBGE 530170;530170;CLINICA SANTE ODONTOLOGICA LTDA;-15.708703;-47.91437519999999;QDA 07 CL 16 LOJA;02;SOBRADINHO
3032930;Caiu em cidade errada. Esperado: IBGE 530170;530170;DANIELA CARDOSO DA CRUZ;-15.7980619;-47.89372789999999;CONDOMINIO SOLAR DAS ATHENAS AREA COM;;SOBRADINHO
3032949;Caiu em cidade errada. Esperado: IBGE 530170;530170;DANIELA SILVA MENDES;-15.708703;-47.91437519999999;QDA 08 BL 10 LOTES 0607 SALA;03;SOBRADINHO
3032957;Caiu em cidade errada. Esperado: IBGE 530170;530170;DENTE CLINICA CENTRAL LTDA;-15.826691;-47.92182039999999;QDA CENTAL BLOCA 09 LOTE 12 SALA;01;SOBRADINHO
3032965;Caiu em cidade errada. Esperado: IBGE 530170;530170;DHIOGENES SALVIATO BATISTA;-15.708703;-47.91437519999999;QD 07 LOTE ESPECIAL 04 LOJA;29;SOBRADINHO
3032973;Caiu em cidade errada. Esperado: IBGE 530170;530170;CENTRO ODONTOLOGICO SANTA PAULINA;-15.708703;-47.91437519999999;QUADRA 08 COMERCIO LOCAL 09 SALA;01;SOBRADINHO
3032981;Caiu em cidade errada. Esperado: IBGE 530170;530170;EDVA DOS SANTOS FERREIRA;-15.708703;-47.91437519999999;QDA 06 CL 10 LOJA;04;SOBRADINHO
3033015;Caiu em cidade errada. Esperado: IBGE 530170;530170;ERIKA MARTINS MELO;-15.6697718;-47.8460042;ROD DF 150 KM 25 LT 01 E 02 SALA 02;S/N;SOBRADINHO
3033023;Caiu em cidade errada. Esperado: IBGE 530170;530170;FABIANA SOUZA DOMINGUES;-15.6410968;-47.8259355;AR 09 CONJUNTO 01A LOTE 06 LOJA;01;SOBRADINHO
3033031;Caiu em cidade errada. Esperado: IBGE 530170;530170;FONOAUDIOCLINIC SC LTDA;-15.910674;-47.7602865;QD 06 AREA RESERVADA 04 SALA;307;SOBRADINHO
3033058;Caiu em cidade errada. Esperado: IBGE 530170;530170;INSTITUTO SERRANO DE ODONTOLOGIA LTDA;-15.6558751;-47.8079865;QDA 04 CL 10 LOJA;03;SOBRADINHO
3033066;Caiu em cidade errada. Esperado: IBGE 530170;530170;INSTITUTO DE PSICOLOGIA TALENTO HUMANO LTDA;-15.708703;-47.914375;QDA 02 CONJ A LOTES 020406 LOJA;14;SOBRADINHO
3033074;Caiu em cidade errada. Esperado: IBGE 530170;530170;JANINE NASCIMENTO DA COSTA;-15.6580179;-47.7925346;RUA 01 CONJUNTO A LOTE 05;;SOBRADINHO
3033082;Caiu em cidade errada. Esperado: IBGE 530170;530170;JANIO FERREIRA PANIAGO;-15.708703;-47.91437519999999;QDA 08 BLOCO 18 LOTE 10 SOBRELOJA;S/N;SOBRADINHO
3033090;Caiu em cidade errada. Esperado: IBGE 530170;530170;JEANNE DE BRITO PEREIRA;-15.6510152;-47.7893482;QDA CENTRAL BL 12 LOTE 11 SALA;;SOBRADINHO
3033104;Caiu em cidade errada. Esperado: IBGE 530170;530170;JOAO EUDES LINS BRAGA;-15.6561583;-47.7933351;QD 02 CONJ CD LOTE A SALA;108;SOBRADINHODF
3033112;Caiu em cidade errada. Esperado: IBGE 530170;530170;JOAO MARCOS SOUTO;-15.6510152;-47.7893482;QDA CENTRAL BL 12 LOTE 09 SALA;01;SOBRADINHO
3033120;Caiu em cidade errada. Esperado: IBGE 530170;530170;JOAQUIM REGINALDO DE SOUSA;-15.7975154;-47.89188739999999;QDA CENTRAL BL 13 LOTE 06 LOJA;01;SOBRADINHO
3033139;Caiu em cidade errada. Esperado: IBGE 530170;530170;JOSE VIEIRA DA SILVA;-15.7081709;-47.9148844;QDA CENTRAL BL 10 LOTE 12 LOJA;02;SOBRADINHO
3033147;Caiu em cidade errada. Esperado: IBGE 530170;530170;JOUBERT DE SOUZA MELO;-15.7081709;-47.9148844;QDA CENTRAL BL 09 LOTE 09 SALA;02;SOBRADINHO
3033155;Caiu em cidade errada. Esperado: IBGE 530170;530170;KENIA MARIA FERREIRA;-15.708703;-47.91437519999999;QDA 06 AREA RESERVADA 04 SALA;207;SOBRADINHO
3033163;Caiu em cidade errada. Esperado: IBGE 530170;530170;LECIO GOULART;-15.826691;-47.92182039999999;QDCENTRAL BL 10 LOTE 10 APT;01;SOBRADIHNO
3033171;Caiu em cidade errada. Esperado: IBGE 530170;530170;LUCIANA MENDES MAGLIANO;-15.8070738;-48.0852567;QUADRA 07 AREA ESPECIAL 04 SALA;101;SOBRADINHO
3033198;Caiu em cidade errada. Esperado: IBGE 530170;530170;LUIZ CLAUDIO DE CAMARGO SPINA;-15.6337983;-47.84823369999999;CONDOMINIO SERRA AZUL QD02 LOTE;19;SOBRADINHO
3033201;Caiu em cidade errada. Esperado: IBGE 530170;530170;LUIZ FERNANDO FRANCISCO GOMES;-15.6668678;-47.8498204;COND SOLAR DE ATHENAS AREA COM;;SOBRADINHO
3033236;Caiu em cidade errada. Esperado: IBGE 530170;530170;MARIA HELENA DUARTE AUTOMOMO;-15.8235115;-47.9790487;QDA11 AREA  RESERVADA  02  SALA;112;SOBRADINHO
3033252;Caiu em cidade errada. Esperado: IBGE 530170;530170;MARIA HOSANA RODRIGUES PANIAGO;-15.708703;-47.91437519999999;QDA 08 BLOCO 19 LOTE 06 SOBRELOJA;;SOBRADINHO
3033260;Caiu em cidade errada. Esperado: IBGE 530170;530170;MARIO TEOFILO MACHADO;-15.6517606;-47.7896534;QDA CENTRAL BL 13 LOTE 22;;SOBRADINHO
3033279;Caiu em cidade errada. Esperado: IBGE 530170;530170;MIRZA INES GARCIA;-15.826691;-47.92182039999999;QDA CENTRAL BL 13 LOTE 06 SALA;01;SOBRADINHO
3033287;Caiu em cidade errada. Esperado: IBGE 530170;530170;NELSON JOSE BARBOSA PEREIRA;-15.8070738;-48.0852567;QDA07 AREA ESPECIAL 04 SALA;108;SOBRADINHO
3033295;Caiu em cidade errada. Esperado: IBGE 530170;530170;NEUSA APARECIDA CAFE RIBEIRO;-15.7975154;-47.89188739999999;QDA CENTRAL STR HOT BL 03 SALA;105;SOBRADINHO
3033309;Caiu em cidade errada. Esperado: IBGE 530170;530170;NORMA MARIA MALTA MACHADO;-15.708703;-47.91437519999999;QD 06 A RESERVADA 04 SALA;112;SOBRADINHO
3033635;Caiu em cidade errada. Esperado: IBGE 530170;530170;CLINICA ODONTOLOGICA PRANAVA LTDA;-15.7084139;-47.9147678;QDA 01 AREA RESERVADA N 01 SALA;11;SOBRADINHO
3033651;Caiu em cidade errada. Esperado: IBGE 530170;530170;ODONTO CLINICA PROSAUDE SC LTDA;-15.708703;-47.91437519999999;QDA 08  BL 22  LOTE;03;SOBRADINHO
3033686;Caiu em cidade errada. Esperado: IBGE 530170;530170;OLDAIR HILARIO DE QUEIROZ;-15.708703;-47.91437519999999;QDA 08 BL 17 LOTE 05 SALA;03;SOBRADINHO
3033708;Caiu em cidade errada. Esperado: IBGE 530170;530170;QUINTILIANO FERREIRA PANIAGO;-15.708703;-47.91437519999999;QDA 08 BLOCO 19 LT;06;SOBRADINHO
3033724;Caiu em cidade errada. Esperado: IBGE 530170;530170;RAQUEL MELO BRUM;-15.708703;-47.91437519999999;QDA 08 CONJUNTO A CASA 04 SALA;02;SOBRADINHO
3033732;Caiu em cidade errada. Esperado: IBGE 530170;530170;REINALDO FRANCISCO;-15.826691;-47.92182039999999;QDA CENTRAL BL 13 LOTE 04 SALA;01;SOBRADINHO
3033740;Caiu em cidade errada. Esperado: IBGE 530170;530170;REINALDO FRANCISCO JUNIOR;-15.7975154;-47.89188739999999;QDA CENTRAL BL10 LOTES 01 E 02 APTO;02;SOBRADINHO
3033759;Caiu em cidade errada. Esperado: IBGE 530170;530170;RICARDO FRANCISCO GOMES;-15.6668678;-47.8498204;COND SOLAR DE ANTHENAS AC LT;S/N;SOBRADINHO
3033767;Caiu em cidade errada. Esperado: IBGE 530170;530170;SILVANA SOUSA TAVEIRA;-15.650544;-47.8114609;QD 08 CL;23;SOBRADINHO
3033775;Caiu em cidade errada. Esperado: IBGE 530170;530170;SOLANGE NUNES CORREIA;-15.708703;-47.91437519999999;QDA 08 BL 01 LOTE 02 SALA;02;SOBRADINHO
3033783;Caiu em cidade errada. Esperado: IBGE 530170;530170;SORRI DENTE CLINICA DENTARIA LTDA;-15.6479011;-47.8001005;QDA  O8  BL 10;;SOBRADINHO
3033791;Caiu em cidade errada. Esperado: IBGE 530170;530170;SUDARIO ALVES FERREIRA;-15.8335977;-48.0515096;QDA CENTRAL SETOR HOTERLEIRO BL 01;06;SOBRADINHO
3033805;Caiu em cidade errada. Esperado: IBGE 530170;530170;TAUNAY NUNES DE FREITAS;-15.7088488;-47.9141112;QDA 14 CL 05 CONJ AB SALA;02;SOBRADINHO
3033813;Caiu em cidade errada. Esperado: IBGE 530170;530170;TERESA MARIA DE MORAIS SAMPAIO;-15.788763;-47.8877937;QDA CENTRAL ST HOTELEIRO BL 03 APT;122;SOBRADINHO
3033821;Caiu em cidade errada. Esperado: IBGE 530170;530170;VERUSCA DE SOUZA GOMES FEIJO;-15.826691;-47.92182039999999;QD 07 LOTE ESPECIAL 04 SALA;116;SOBRADINHO
3033848;Caiu em cidade errada. Esperado: IBGE 530170;530170;WILSON BUENO DE MORAES;-15.708703;-47.91437519999999;QDA 08 BL 01 LOTE 02 SALA;01;SOBRADINHO
3033856;Caiu em cidade errada. Esperado: IBGE 530170;530170;WILSON JOSE FERREIRA;-15.7087484;-47.9143197;QDA 12 CL 05 SALA;03;SOBRADINHO
3034011;Caiu em cidade errada. Esperado: IBGE 530060;530060;VICENTE ALVES DOS SANTOS;-15.8070889;-48.0853207;AREA ESPECIAL 2021 SALA;113;GAMA
3034038;Caiu em cidade errada. Esperado: IBGE 530060;530060;CESAR RONCOLETA;-15.7975154;-47.89188739999999;AREA ESP 2021 SALAS 167 E 169;S/N;GAMA
3034461;Caiu em cidade errada. Esperado: IBGE 530170;530170;CLINICA SANTA APOLONIA;-15.826691;-47.92182039999999;QDA CENTRAL BL 10 LOTE 11 SALA;02;SOBRADINHO
3034488;Caiu em cidade errada. Esperado: IBGE 530170;530170;CLINICA ODONTOLOGICA RIBEIRO LTDA;-15.7084139;-47.9147678;QDA 01 AREA  RESERVADA   01   SALA;03;SOBRADINHO
3035476;Caiu em cidade errada. Esperado: IBGE 241410;241410;CENTRO DE SAUDE VILA MATA SAO BRAZ;-6.24;-38.084;VILA MATA;S/N;ZONA RURAL
3035484;Caiu em cidade errada. Esperado: IBGE 241410;241410;POSTO DE SAUDE POCO DE ACUDE;-6.251;-38.115;SITIO POCO DE ACUDE;S/N;ZONA RURAL
3036480;Caiu em cidade errada. Esperado: IBGE 530070;530070;CARLOS ALBERTO DOS REIS;-15.8223146;-48.0653016;EQ 3133 LOTE 5 CENTRO COMUNAL II SALA;206;GUARA
3036499;Caiu em cidade errada. Esperado: IBGE 530070;530070;AURENILTO BELLAS LUSTOSA;-15.8160142;-47.9158182;QI 27 BLOCO A SALA;221;GUARA
3036510;Caiu em cidade errada. Esperado: IBGE 530070;530070;ODONTO MASTER ESTETICA E REABILITACAO ORAL LTDA;-15.8414353;-47.9808813;QE 30 BL B SALA 101 E;102;GUARA
3040712;Caiu em cidade errada. Esperado: IBGE 530135;530135;CENTRO CLINICO RIACHO FUNDO;-15.8860794;-48.0139017;QS 14 CONJ 2 A LOTE;03;RIACHO FUNDO I
3040720;Caiu em cidade errada. Esperado: IBGE 530135;530135;CLINICA E LABORATORIO MONACO;-15.7813089;-47.8731377;QN 7 CONJ 02 LOTE;22;RIACHO FUNDO I
3040771;Caiu em cidade errada. Esperado: IBGE 530135;530135;CONSULTORIO ODONTOLOGICO MARCIO YUJI;-15.7907808;-47.88287649999999;QN 7F CONJ 05 LOTE;01;RIACHO FUNDO II
3041921;Caiu em cidade errada. Esperado: IBGE 530180;530180;ORTHOS;-15.8591626;-48.0419929;QSE 11;S/N;TAGUATINGA SUL
3042642;Caiu em cidade errada. Esperado: IBGE 530050;530050;CEMEP;-15.7080773;-47.9143057;SERS QUADRA A 2 AE;01;BRASILIA
3042936;Caiu em cidade errada. Esperado: IBGE 530180;530180;WALBER FIGUEIREDO MADUREIRA;-15.8104084;-48.0610733;CSB;02;TAGUATINGA
3043053;Caiu em cidade errada. Esperado: IBGE 530090;530090;AMIL RESGATE SAUDE;-15.8480287;-47.8853706;SHIS QI 15 LOTE G PARTE;S/N;LAGO SUL
3045927;Caiu em cidade errada. Esperado: IBGE 320420;320420;CLINICA DE FISIOTERAPIA DRA KENNYA MOTA LTDA;-20.7917367;-40.8121916;AV DR DANILO MONTEIRO DE CASTRO;72;CENTRO
3046877;Caiu em cidade errada. Esperado: IBGE 530060;530060;ODONTO FRESH SERVICOS ODONTOLOGICOS LTDA;-15.7830172;-47.9923461;QDA 43 LOTE01 SLOJA ST LESTE;01;GAMA
3046915;Caiu em cidade errada. Esperado: IBGE 530060;530060;NOE NUCLEO ODONTOLOGICO ESPECIALIZADO LTDA;-16.0151872;-48.0509105;QUADRA 15 LOTE;20;GAMA
3046923;Caiu em cidade errada. Esperado: IBGE 530060;530060;CONSULTORIO ODONTOLOGICO DRA ROSANA;-15.8070873;-48.0853676;AREA ESPECIAL 01 SALA;144;GAMA
3047075;Caiu em cidade errada. Esperado: IBGE 530130;530130;EDUARDO TAVARES DA SILVA QUIXABEIRA;-15.7975154;-47.89188739999999;QD 102 CONJ 12 LOTE 02 LOJA;01;RECANTO DAS EMAS
3047083;Caiu em cidade errada. Esperado: IBGE 530130;530130;DR ADRIANO TAKAYOSHI YASSUNAGA;-15.7974593;-47.9419366;QUADRA 405 CONJUTNO 19 LOTE 08;S/N;RECANTO DAS EMAS
3047288;Caiu em cidade errada. Esperado: IBGE 351410;351410;INSTITUTO DE FISIOTERAPIA MOREIRA;-22.4569572;-49.3363758;AVENIDA DA SAUDADE;896;CENTRO
3049310;Caiu em cidade errada. Esperado: IBGE 530170;530170;CONSULTORIO DE PSICOLOGIA;-15.708703;-47.91437519999999;QUADRA 06 AR 04 SALA;408;SOBRADINHO
3056686;Caiu em cidade errada. Esperado: IBGE 530130;530130;CENTRO ODONTOLOGICO SUL;-15.8322363;-48.0132222;QD 102 LOTE 04 LOJA 11;11;RECANTO DAS EMAS
3057127;Caiu em cidade errada. Esperado: IBGE 530170;530170;CLINICA ODONTOLOGICA;-15.7975154;-47.89188739999999;DF 425 CONDOMINIO HALLEY COMERCIAL;10;GRANDE COLORADO
3057135;Caiu em cidade errada. Esperado: IBGE 530170;530170;RECANTO DIVINO;-15.5804359;-47.9820569;N RURAL LAGO OESTE RUA 18 CHACARA 109;;SOBRADINHO
3057631;Caiu em cidade errada. Esperado: IBGE 530180;530180;GUILHERME BOSI BARBOSA;-15.7975154;-47.89188739999999;C1;S/N;TAGUATINGA CENTRO
3057666;Caiu em cidade errada. Esperado: IBGE 530180;530180;CLINICA CURA D ARS;-15.8220829;-47.9256121;QNA 01 LT 06;06;CENTRO
3060136;Caiu em cidade errada. Esperado: IBGE 530130;530130;JOSE GOMES DA SILVA;-15.7081548;-47.9146971;QD 101 CONJ 05;8;RECANTO DAS EMAS
3060187;Caiu em cidade errada. Esperado: IBGE 530050;530050;CLINICA SORRISO CIA;-15.7882514;-47.924279;SHCSW;302;SUDOESTE
3060195;Caiu em cidade errada. Esperado: IBGE 330330;330330;CLIMAGEM ICARAI;-22.8194897;-43.3787388;RUA CEL MOREIRA CESAR;26;ICARAI
3063070;Caiu em cidade errada. Esperado: IBGE 316930;316930;CASA ASSISTENCIAL PRISMA EIRELI;-21.6251170651;-45.4044771194;BR 491 FAZENDA BARRA DO PALMELA;S/N;ZONA RURAL
3068293;Caiu em cidade errada. Esperado: IBGE 510340;510340;UNIDADE RURAL COIVARAS;-15.0234555186;-55.7574632537;ESTRADA DO MANSO KM 80;80;ZONA RURAL
3069532;Caiu em cidade errada. Esperado: IBGE 530120;530120;PAULA AIRES LABORATORIO MEDICO;-15.7975154;-47.89188739999999;AV INDEPENDENCIA SCC QD 01 BL C SL;01;PLANALTINA
3069656;Caiu em cidade errada. Esperado: IBGE 530050;530050;CLINICA CARPANEDA CIRURGIA PLASTICA;-15.8366024;-47.8816356;SHCSW QMSW 04 LT;01;SUDOESTE
3071081;Caiu em cidade errada. Esperado: IBGE 520140;520140;CECAD;-16.6822619;-49.3202181;AV V01;S/N;CIDADE VERA CRUZ
3071375;Caiu em cidade errada. Esperado: IBGE 530090;530090;VILMA FREIRE GOMES AMERICANO DO BRASIL;-15.8527224;-47.9026376;SHIS QI 09 CENTRO CLINICO DO LAGO BLOCO;301;LAGO SUL
3073467;Caiu em cidade errada. Esperado: IBGE 530050;530050;ALEXANDRE NOBRE REIS;-15.7996055;-47.9228;SHCSW CLSW 102;102;SUDOESTE
3073734;Caiu em cidade errada. Esperado: IBGE 530060;530060;CLINALC ASSISTENCIA ODONTOLOGICA;-15.7080861;-47.9146688;QD 24 LOTE 2;2;SETOR LESTE
3073742;Caiu em cidade errada. Esperado: IBGE 530060;530060;CONSULTORIO ODONTOLOGICO;-15.79131;-47.88489000000001;AE 2021 SALA;108;GAMA
3074633;Caiu em cidade errada. Esperado: IBGE 260910;260910;ACADEMIA DA SAUDE;-7.6839434411;-35.5232834816;RUA ALFREDO INACIO DA SILVA;S/N;MACHADINHO
3074900;Caiu em cidade errada. Esperado: IBGE 530080;530080;ADVANCED SPA;-15.7497844;-47.8386277;SHIN QI 11 CONJ;11;LAGO NORTE
3076164;Caiu em cidade errada. Esperado: IBGE 350275;350275;SHERWIN WILLIAMS DO BRASIL INDUSTRIA E COMERCIO LTDA;-23.440791;-47.172594;COMEND GIUSEPPE MARCHIORI;2189;DO RONDA
3079511;Caiu em cidade errada. Esperado: IBGE 530050;530050;CLINICA ODONTOLOGICA DRA GINA YARA LTDA;-15.8014209;-47.9255003;CLSW 104;;SUDOESTE
3079902;Caiu em cidade errada. Esperado: IBGE 530090;530090;MARILIZ LIMA E ERICKSON BLUM CONS;-15.8506946;-47.8822231;SHIS AE QI 15 BL O CONSULTORIO;111;LAGO SUL
3079996;Caiu em cidade errada. Esperado: IBGE 530050;530050;ODONTODESIGN;-15.7816719;-47.9323334;SRES;10;CRUZEIRO VELHO
3080382;Caiu em cidade errada. Esperado: IBGE 530060;530060;LABORATORIO PASTEUR GAMA;-15.8254082;-47.9293622;QD03 CONFF LOTE;10;GAMA
3081494;Caiu em cidade errada. Esperado: IBGE 530170;530170;OTONTOSERVICE;-15.7464141;-47.8973171;AR 07 CONJUNTO 1A LOJA 16 PARTE;;SOBRADINHO II
3082377;Caiu em cidade errada. Esperado: IBGE 530050;530050;FONODONTO;-15.8032056;-47.9290576;SHCSW CLSW 104 BLOCO C LOTE;23;SETRO SUDOESTE
3089541;Caiu em cidade errada. Esperado: IBGE 530130;530130;RODRIGO LEMOS REIS;-15.9282036;-48.1081337;QUADRA109 LOT03;;RECANTO DAS EMAS
3089568;Caiu em cidade errada. Esperado: IBGE 530130;530130;DANIELLE CARVALHO SANTOS;-15.7081548;-47.9146971;QD 108 CONJ 06 LOTE 13 LOJA;01;RECANTO DAS EMAS
3089878;Caiu em cidade errada. Esperado: IBGE 530170;530170;LABORATORIO PASTEUR SOBRADINHO;-15.708703;-47.91437519999999;QD 08 CL 03 LOJA;02;CENTRO
3089886;Caiu em cidade errada. Esperado: IBGE 530170;530170;LABORATORIO SANTA CRUZ POSTO DE COLETA QDA 01;-15.708703;-47.91437519999999;QUADRA 01 AREA RESERVADA 01;;SOBRADINHO
3089940;Caiu em cidade errada. Esperado: IBGE 530050;530050;DANIELA DORNELES FAUTH;-15.8007313;-47.92595619999999;CLSW;303;SUDOESTE
3089991;Caiu em cidade errada. Esperado: IBGE 530060;530060;ROG RADIOLOGIA ODONTOLOGICA;-15.7975154;-47.89188739999999;AE 2021 SALAS 119 121 125 E 130;130;GAMA
3090035;Caiu em cidade errada. Esperado: IBGE 530060;530060;ALVAREZ VASCONCELOS ALMEIDA SERVICOS ODONTOLOGICOS;-15.7830172;-47.9923461;SETOR LESTE RES QUADRA 29 LOTE;88;GAMA
3091708;Caiu em cidade errada. Esperado: IBGE 530050;530050;CLINICA AMARAL;-15.7975154;-47.89188739999999;SHCAOS EA 0208 LOTE 05;0000000000;AREA OCTOGONAL SUL
3091716;Caiu em cidade errada. Esperado: IBGE 530050;530050;CLINICA DE TERAPIA HOLISTICA CHINESA LTDA;-15.7081548;-47.9146971;SHC SW CLSW QUADRA 102 BLOCO C LOJAS;4749;SETOR SUDOESTE
3091848;Caiu em cidade errada. Esperado: IBGE 530070;530070;LABORATORIO PASTEUR GUARA II;-15.8344391;-47.9796755;QI 25 BL A LOJA;12;GUARA II
3093530;Caiu em cidade errada. Esperado: IBGE 530120;530120;ALESSANDRA KEILLA SILVA BARTONELLI;-15.708703;-47.91437519999999;QDA 03 CONJUNTO B LOTE;41;PLANALTINA
3094928;Caiu em cidade errada. Esperado: IBGE 530170;530170;MAIA ODONTOLOGIA;-15.6624012;-47.80326540000001;QD CENTAL BLOCO 10 LTS 1 2 APARTAMENTOS;S/N;SOBRADINHO
3094936;Caiu em cidade errada. Esperado: IBGE 530170;530170;CONSULTORIO DE PSICOLOGIA KATIA REGINA;-15.708703;-47.91437519999999;QUADRA 06 AREA RESERVADA 04 SALA 105;;SOBRADINHO
3098451;Caiu em cidade errada. Esperado: IBGE 530050;530050;CLINICA LUSTOSA;-15.800045;-47.9235695;SHCSW CLSW 102 BLOCO C LOJA 02040608;S/N;SUDOESTE
3098621;Caiu em cidade errada. Esperado: IBGE 530090;530090;MEGA CLINICA GERIATRICA;-15.8461146;-47.894556;SHIS QI 13 CONJUNTO 05 CASA;02;LAGO SUL
3098729;Caiu em cidade errada. Esperado: IBGE 530090;530090;MARIA SILVIA REGADAS DE MORAES VALLADARES;-15.7901137;-47.8840401;077;9;LAGO SUL
3101215;Caiu em cidade errada. Esperado: IBGE 530170;530170;NS CONSULTORIO DE PSICOLOGIA;-15.8070738;-48.0852567;QDA 07 AREA ESPECIAL 04 SALA;108;SOBRADINHO
3101274;Caiu em cidade errada. Esperado: IBGE 530050;530050;CONSULTORIO ODONTOLOGICO FLAVIA RABELO NEVES;-15.802079;-47.927832;CLSW 304 BLOCO A;S/N;SUDOESTE
3105288;Caiu em cidade errada. Esperado: IBGE 530170;530170;ENDODENT CLINICA DENTARIA;-15.708703;-47.91437519999999;QUADRA 08 CL 03 SALA;206;SOBRADINHO
3107043;Caiu em cidade errada. Esperado: IBGE 500500;500500;CLINICA DE FISIOTERAPIA E REABILITACAO JARDIM;-21.16;-56.48;R 1 DE MAIO;S/N;CENTRO
3107221;Caiu em cidade errada. Esperado: IBGE 530060;530060;CONSULTORIO ODONTOLOGICO;-15.7085352;-47.9142635;QUADRA 18 LOTE;18;GAMA
3107302;Caiu em cidade errada. Esperado: IBGE 530060;530060;CLINICA ORTODONTICA MAROSO;-15.7081813;-47.9147177;QUADRA 25 LOTE;07;GAMA
3107329;Caiu em cidade errada. Esperado: IBGE 530060;530060;CONSULTORIO ODONTOLOGICO FUTURA;-15.7081516;-47.9146947;QD 43 LOTE;83;GAMA
3107337;Caiu em cidade errada. Esperado: IBGE 530060;530060;ORTOGAMA;-15.7826946;-47.9890526;AE 2021 LDO OESTE ST CENT COML;;GAMA
3107353;Caiu em cidade errada. Esperado: IBGE 530060;530060;CORPO E VIDA FISIOTERAPIA;-15.7084139;-47.9147678;QUADRA 01 CONJUNTO A;10;GAMA
3107744;Caiu em cidade errada. Esperado: IBGE 530060;530060;CLINICA ODONTOLOGICA SANTA BARBARA;-15.7975154;-47.89188739999999;ST CENT COML LDO OESTE AE 2021 SALA;105;GAMA
3109658;Caiu em cidade errada. Esperado: IBGE 530080;530080;SER CLINICA DE SAUDE MENTAL;-15.7132746;-47.887654;SHIN CA 09;19;LAGO NORTE
3110028;Caiu em cidade errada. Esperado: IBGE 530180;530180;MARIO GENARO BORGES;-15.7982793;-47.8939146;QND 02 CASA;06;TAGUATINGA
3110052;Caiu em cidade errada. Esperado: IBGE 530180;530180;WALDEMAR PEREIRA BORGES;-15.7976692;-47.8860665;C01 LT 112;S/N;CENTRO
3110095;Caiu em cidade errada. Esperado: IBGE 420700;420700;CLINICA NOSSA SENHORA DOS NAVEGANTES LTDA;-28.8212088;-49.2334691;RUA PROJETADA;1010;RINCAO
3112675;Caiu em cidade errada. Esperado: IBGE 530130;530130;CLINICA DE OLHOS YALE;-15.7081514;-47.9146951;QD 203 CONJUNTO 11 LOTE 15 LOJA;01;RECANTO DA EMAS
3112934;Caiu em cidade errada. Esperado: IBGE 530060;530060;C O G;-15.82289;-47.90942;ST CENT COML LADO OESTE AE 2021 SALA;110;GAMA
3116778;Caiu em cidade errada. Esperado: IBGE 530130;530130;EVIDENTE CLINICA ODONTOLOGICA;-15.8399177;-48.016234;QUADRA 203 LOTE 35 SALA;102;RECANTO DAS EMAS
3118991;Caiu em cidade errada. Esperado: IBGE 530130;530130;CLEA FERREIRA RABELO;-15.7081514;-47.9146951;QD 203 CONJ 11 LOTE 21 SALA;01;RECANTO DAS EMAS
3119009;Caiu em cidade errada. Esperado: IBGE 530130;530130;RENATA RECIFE;-15.9127742;-48.0634053;QUADRA 404 CONJUNTO 17;16;RECANTO DAS EMAS
3125793;Caiu em cidade errada. Esperado: IBGE 530170;530170;CLINDENTE;-15.708703;-47.91437519999999;QUADRA 08 CONJUNTO A CASA;24;SOBRADINHO
3150968;Caiu em cidade errada. Esperado: IBGE 250630;250630;POSTO DE SAUDE NADIEJE MARIA DE ARAUJO SITIO PASSASSUNGA;-6.7811243;-35.496794;SITIO PASSASSUNGA;S/N;ZONA RURAL
3157687;Caiu em cidade errada. Esperado: IBGE 150130;150130;POSTO DE SAUDE VILA SANTA CRUZ;-1.7959704721;-48.6364746094;LOC DO CABRESTO;0001;LOC ESTRADA
3165558;Caiu em cidade errada. Esperado: IBGE 530180;530180;ADRIANA ALVES DE ALMEIDA;-15.8320513;-48.0881011;QNL 16 VIALN 29;29;TAGUATINGA NORTE
3178811;Caiu em cidade errada. Esperado: IBGE 530050;530050;FISIO ATIVA;-15.802079;-47.927832;SHCSW CLSW 304 BLOCO B;S/N;SUDOESTE
3181065;Caiu em cidade errada. Esperado: IBGE 530050;530050;FISIOCENTER;-15.7852592;-47.934039;SRES QUADRA 02 AREA ESPECIAL A01 SALA;S/N;CRUZEIRO VELHO
3181626;Caiu em cidade errada. Esperado: IBGE 280360;280360;POSTO DE SAUDE JOSE SIMAS DE SOUZA;-10.8402185881;-37.2254562378;POVOADO CAMARATUBA;001;CAMARATUBA
3186423;Caiu em cidade errada. Esperado: IBGE 510560;510560;CONSULTORIO ODONTOLOGICO DRA SIMONE BAETZ MOTA;-13.5312799;-56.0260458;BR 163;S/N;ZCI 001
3187993;Caiu em cidade errada. Esperado: IBGE 412070;412070;CENTER CLINICA;-23.29229;-50.06990529999999;AV FREI GUILHERME MARIA;100;VILA SAO JOSE
3188701;Caiu em cidade errada. Esperado: IBGE 530090;530090;ERTTY ORTODONTIA;-15.8592444;-47.9274156;SHIS CL QI 07 BL C SALA 103 A 106;S/N;LAGO SUL
3197875;Caiu em cidade errada. Esperado: IBGE 420390;420390;JOSE ALBERTO DE ALMEIDA ALBUQUERQUE CIA LTDA;-27.343304;-51.612588;R CARMENO ZOCCOLI;150;CENTRO
3200329;Caiu em cidade errada. Esperado: IBGE 530130;530130;CESAR AUGUSTO FIGUEIREDO FERRAZ;-15.7081548;-47.9146971;QUADRA 103 LOTE 11 LOJA;02;RECANTO DAS EMAS
3200809;Caiu em cidade errada. Esperado: IBGE 530050;530050;SORRIDENTE CLINICA DE PREVENCAO TRAT ODONTOLOGICO;-15.8082001;-47.93867789999999;SHCSW CLSW 504 BLOCO A SALA;110;SUDOESTE
3200825;Caiu em cidade errada. Esperado: IBGE 530050;530050;ELIETE ROCHA BOTELHO;-15.8078364;-47.9377948;CLSW 104 BLOCO B SALA 133;133;SUDOESTE
3200833;Caiu em cidade errada. Esperado: IBGE 530050;530050;CDB CENTRO DE DIAGNOSTICO BUCOMAXILOFACIAL;-15.7975154;-47.89188739999999;CLSW 304 BLOCO B SALA 125;125;SETOR SUDOESTE
3201325;Caiu em cidade errada. Esperado: IBGE 530060;530060;OPER ASSISTENCIA ODONTOLOGICA;-16.0173316;-48.0673993;ED CORREA PROJECAO 12 SALAS;609610;GAMA
3201449;Caiu em cidade errada. Esperado: IBGE 530060;530060;ANTONIO EUCLIDES DOS SANTOS;-15.791168;-47.8796318;QI 07;320;SETOR LESTE IND
3201481;Caiu em cidade errada. Esperado: IBGE 530060;530060;ENEAS RODRIGUES DE ARAUJO FILHO;-15.7084139;-47.9147678;QUADRA 01 CONJUNTO A;10;ST SUL RESIDENCIAL
3215091;Caiu em cidade errada. Esperado: IBGE 530180;530180;SEBASTIAO CARNEIRO DA CRUZ;-15.7975154;-47.89188739999999;QNE 06 LOTE;18;TAGUATINGA
3215180;Caiu em cidade errada. Esperado: IBGE 530180;530180;CLINICA NODONTO;-15.7859067;-47.8754635;CNC 02 LOTE;17;TAGUATINGA NORTE
3220729;Caiu em cidade errada. Esperado: IBGE 250720;250720;UBSF IV;-7.4196658508;-35.7745742798;SITIO BOLAS;01;SANTO ANTONIO
3220834;Caiu em cidade errada. Esperado: IBGE 530130;530130;CONSULTORIO ODONTOLOGICO;-15.7081514;-47.9146951;QUADRA 205 CONJ 09 LOTE 12 SALA;102;RECANTO DAS EMAS
3220850;Caiu em cidade errada. Esperado: IBGE 530130;530130;CRISLAINE APARECIDA LEMES MACHADO;-15.7975154;-47.89188739999999;QUADRA 304 CONJ 11 LOTE 18 LOJA;02;RECANTO DAS EMAS
3220877;Caiu em cidade errada. Esperado: IBGE 530130;530130;CENTRO ODONTOLOGICO RECANTO;-15.8401374;-48.0168592;QD203 CONJ19 LOTE;17;RECDAS EMAS
3229750;Caiu em cidade errada. Esperado: IBGE 530100;530100;NOSSO LAR;-16.0285443;-48.0723299;SAIS LOTE C;S/N;NUCLEO BANDEIRANTE
3233553;Caiu em cidade errada. Esperado: IBGE 530070;530070;UNIDONTO;-15.8208819;-47.988539;QI 14 BLOCO A LOTES 1622;S/N;GUARA I
3239039;Caiu em cidade errada. Esperado: IBGE 530130;530130;CLINICA DENTARIA REC DAS EMAS;-15.7081514;-47.9146951;QD 205 CONJ 09 LOTE 09 LOJA;01;RECDAS EMAS
3251586;Caiu em cidade errada. Esperado: IBGE 530120;530120;ALVARO DE PAULA E SILVA FILHO;-15.8352705;-48.05798069999999;SETOR DE OFICINAS;;CENTRO
3251985;Caiu em cidade errada. Esperado: IBGE 530170;530170;CENTRO ODONTOLOGICO MARQUES E QUEIROZ;-15.8070873;-48.0853676;QUADRA 08 AREA ESPECIAL 01 SALA;08;SOBRADINHO
3261581;Caiu em cidade errada. Esperado: IBGE 530050;530050;ODONTOPLUS;-15.8025599;-47.928918;SHCSW CLSW 304 BL A;S/N;SETOR SUDOESTE
3262405;Caiu em cidade errada. Esperado: IBGE 291800;291800;POLICLINICA PREV SAUDE;-13.5292545;-39.970812;XV DE NOVEMBRO;74;CAMPO DO AMERICA
3264211;Caiu em cidade errada. Esperado: IBGE 530050;530050;CENTRO DE REABILITACAO ORAL DA ASA NORTE LTDA;-15.8035862;-47.9403387;AOS EA 28 LOTE 5 TERRACO SHOPPING;S/N;OCTOGONAL
3269809;Caiu em cidade errada. Esperado: IBGE 330170;330170;MANFRED BUSCH;-22.6290807;-43.1949148;AV PRESSIDENTE KENNEDY;1217;CENTRO
3282139;Caiu em cidade errada. Esperado: IBGE 530180;530180;TANOR;-15.8107422;-48.0647477;QND;14;TAGUATINGA
3285200;Caiu em cidade errada. Esperado: IBGE 290620;290620;UNIDADE DE SAUDE DA FAMILIA DE LAGOA VELHA;-11.6789877985;-41.7698264122;POVOADO DE LAGOA VELHA;S/N;POVOADO
3286878;Caiu em cidade errada. Esperado: IBGE 291920;291920;UNIDADE DE SAUDE DA FAMILIA PARQUE SAO PAULO;-12.874462;-38.356181;RUA K PARQUE SAO PAULO;S/N;ITINGA
3288404;Caiu em cidade errada. Esperado: IBGE 320520;320520;MARIA ANATOLIA CHAVES DOS REIS;-20.3032565;-40.3013331;RUA ITAGARCA;399;COQ ITAPARICA
3289532;Caiu em cidade errada. Esperado: IBGE 530050;530050;ODONTOLOGIA PASSOS E MEDEIROS;-15.794719;-47.9324732;QRSW 01;01;SUDOESTE
3290298;Caiu em cidade errada. Esperado: IBGE 530080;530080;CLINER;-15.7975154;-47.89188739999999;SHIN QL 03 CJ 04 CASA 07;;LAGO NORTE
3298256;Caiu em cidade errada. Esperado: IBGE 530060;530060;CLINICA ROSANGELA;-15.8070889;-48.0853207;AREA ESPECIAL 2021 SALA;111;GAMA
3298264;Caiu em cidade errada. Esperado: IBGE 530060;530060;CONSULTORIO ODONTOLOGICO DR JOSE CARLOS TAKASHI;-15.7081516;-47.9146947;QUADRA 43 LOTE;34;GAMA
3298280;Caiu em cidade errada. Esperado: IBGE 530060;530060;FABIO SILVA DE CARVALHO;-15.7081548;-47.914697;QDA 40 LOTE 24 PARTE B;;GAMA
3298302;Caiu em cidade errada. Esperado: IBGE 530060;530060;MARIA FELIZARDA MORAES;-15.7651216;-47.7838372;QUADRA 29 LOTE 51 SALA;106;GAMA
3298329;Caiu em cidade errada. Esperado: IBGE 530060;530060;VIP CLINICA ODONTOLOGICA LTDA;-15.7081548;-47.914697;QUADRA 40 LOTE;24;GAMA
3300390;Caiu em cidade errada. Esperado: IBGE 293325;293325;POSTO DE SAUDE DE SAO JOAO DA PRATA;-17.1292179133;-40.0245251699;RUA JOAO DIAS ROCHA;S/N;SAO JOAO DA PRATA
3305198;Caiu em cidade errada. Esperado: IBGE 230440;230440;MARIA DUARTE FERREIRA;-4.3685027;-38.8124456;RUA CORONEL PEDRO GUEDES;137;CENTRO
3315258;Caiu em cidade errada. Esperado: IBGE 311670;311670;ANALAB LABORATORIOS DE ANALISE CLINICAS;-20.8;-42.8;ANTONIO MARTINS DE ANDRADE;26;CENTRO
3316998;Caiu em cidade errada. Esperado: IBGE 530130;530130;CONSULTORIO ODONTOLOGICO;-15.7081516;-47.9146947;QAUDRA 114 CONJ 01 LOTE;06;RECANTO DAS EMAS
3317013;Caiu em cidade errada. Esperado: IBGE 530130;530130;DANIELA DE ALMEIDA MIRANDA;-15.7081512;-47.9146953;QUADRA 604 CONJ 11 LOTE 19 LOJA;01;RECANTO DAS EMAS
3317048;Caiu em cidade errada. Esperado: IBGE 530130;530130;WELLINGTON FERREIRA MARTINS;-15.7081511;-47.91469540000001;QUADRA 801 CONJ 15 LOTE;10;RECANTO DAS EMAS
3319539;Caiu em cidade errada. Esperado: IBGE 291920;291920;CLIOF;-12.9261919;-38.4080409;RUA DA JAQUEIRA;02;CENTRO
3323048;Caiu em cidade errada. Esperado: IBGE 280060;280060;LABOHEF;-10.9105245;-37.0483389;PRACA ERASMO SANTA BARBARA;69;CENTRO
3331504;Caiu em cidade errada. Esperado: IBGE 530090;530090;ONCOTCHE;-15.8424829;-47.8804038;SHIS QI 07 BLOCO F CONSULTORIO 02;S/N;LAGO SUL
3337413;Caiu em cidade errada. Esperado: IBGE 293220;293220;LAC LABORATORIOS DE ANALISES CLINICAS;-14.3132902307;-39.3189954758;LOTEAMENTO BELA VISTA;S/N;CENTRO
3337901;Caiu em cidade errada. Esperado: IBGE 530130;530130;CLINICA DE OLHOS RECANTO;-15.7081514;-47.9146951;QUADRA 205 CONJ 09 LOTE 09 LOJA;02;RECANTO DAS EMAS
3337936;Caiu em cidade errada. Esperado: IBGE 530130;530130;ODONTOCLIN;-15.7081548;-47.9146971;QD 102 CONJ 11 LOTE 01;02;RECANTO DAS EMAS
3343359;Caiu em cidade errada. Esperado: IBGE 530060;530060;CONSULTORIO MEDICO DE ACUPUNTURA;-15.8070889;-48.0853207;AREA ESPECIAL;S/N;GAMA
3343367;Caiu em cidade errada. Esperado: IBGE 530060;530060;CONSULTORIO ODONTOLOGICO DRA CLAUDIA;-15.708703;-47.91437519999999;QUADRA 09 LOTE;09;GAMA
3343383;Caiu em cidade errada. Esperado: IBGE 530060;530060;COPREVE;-15.7083183;-47.9144393;QUADRA 21 LOTE;100;GAMA
3343480;Caiu em cidade errada. Esperado: IBGE 530060;530060;DIRCE;-15.8629244;-48.04198969999999;AE 20 21 LADO OESTE SALA;152;SETOR CENTRAL
3343502;Caiu em cidade errada. Esperado: IBGE 530060;530060;FISIO GAMA;-15.708703;-47.91437519999999;QUADRA 02 CJ A LOTE 24;S/N;GAMA
3343510;Caiu em cidade errada. Esperado: IBGE 530060;530060;GEOVANNA MACEDO DA CRUZ;-15.7649105;-47.7839207;QUADRA 29 LOTE 39 SALA;102;GAMA
3343537;Caiu em cidade errada. Esperado: IBGE 530060;530060;LABORATORIO CLINIGAMA;-15.708703;-47.91437519999999;QUADRA 03 LOTE 04 SALAS;15;GAMA
3343553;Caiu em cidade errada. Esperado: IBGE 530060;530060;ORTHOMED CONSULTORIO ODONTOLOGICO;-15.708703;-47.91437519999999;QUADRA 02 CONJ A;18;GAMA
3354873;Caiu em cidade errada. Esperado: IBGE 292405;292405;FASPS FUNDACAO DE ASSISTENCIA SOCIAL DE PE DE SERRA;-11.8351785;-40.2209473;DO COMERCIO;02;CENTRO
3358283;Caiu em cidade errada. Esperado: IBGE 530050;530050;PROTERAPIC;-15.7996611;-47.9229017;SHCSW CLSW 102 BLOCOS A LOJAS;3941;SUDOESTE
3363953;Caiu em cidade errada. Esperado: IBGE 530050;530050;LABORATORIO PASTEUR PATOLOGIA CLINICA;-15.8254082;-47.9293622;SHCSW LOTES;S/N;SUDOESTE
3373479;Caiu em cidade errada. Esperado: IBGE 530010;530010;MARIA LAURA GERMANO PATTO;-18.6761034;-41.9888488;SGAS Q 607 BL B S 116;;ASA SUL
3375870;Caiu em cidade errada. Esperado: IBGE 530080;530080;MARCOS ANTONIO CARVALHO FILHO;-15.8067361;-48.085449;SHIN EQL 0911 LOTE B AREA ESPECIAL;09;LAGO NORTE
3375889;Caiu em cidade errada. Esperado: IBGE 530080;530080;TOP CLINICA MEDICA PSICOLOGICA;-15.7164302;-47.88334469999999;SHIN CA 05 CONJUNTO J BLOCO B;;LAGO SUL
3381617;Caiu em cidade errada. Esperado: IBGE 330180;330180;POSTO DE SAUDE DA GRAMINHA;-22.5504556;-43.6783403;RUA B;185;GRAMINHA
3381625;Caiu em cidade errada. Esperado: IBGE 330180;330180;UNIDADE DE SAUDE DA FAMILIA DO CENTRO;-22.5491333;-43.6874463;RUA SANTA IGNES;121;JARDIM NOVO RODEIRO
3383571;Caiu em cidade errada. Esperado: IBGE 293105;293105;ESF MURICI;-13.3565608;-42.490612;COMUNIDADE DE MURICI;S/N;ZONA RURAL
3394050;Caiu em cidade errada. Esperado: IBGE 530090;530090;TRAUMATTUS CLINICA DE ORTOPEDIA E TRAUMATOLOGIA SC LTDA;-15.8435089;-47.8504629;SHIS HPP QI 07 LOTE F BOX;01;LAGO SUL
3394395;Caiu em cidade errada. Esperado: IBGE 313420;313420;UROCLINIC;-18.8317809;-50.1387427;AVENIDA 09;641;CENTRO
3411516;Caiu em cidade errada. Esperado: IBGE 530050;530050;MED FISIO;-15.7945552;-47.9217677;SHCSW QMSW 05 LT 05 BL A LJ;04;SETOR SUDOESTE
3415023;Caiu em cidade errada. Esperado: IBGE 160030;160030;NUTRITERAPICA;0.861578894;-51.1766338348;TIRADENTES;38;CENTRO
3418103;Caiu em cidade errada. Esperado: IBGE 431171;431171;UBS SERRINHA;-29.0129443024;-55.4534912109;INTERIOR;S/N;INTERIOR
3426769;Caiu em cidade errada. Esperado: IBGE 170900;170900;POLO BASE INDIGENA;-7.7108229;-47.3101544;RUA SETE DE SETEMBRO;S/N;SETOR BEILMIRO
3432971;Caiu em cidade errada. Esperado: IBGE 530130;530130;PSIM RECANTO;-15.7081548;-47.9146971;QUADRA 101 CONJUNTO 01;06;RECANTO DAS EMAS
3432998;Caiu em cidade errada. Esperado: IBGE 530130;530130;DIRCILEI NASCIMENTO DE SOUSA;-15.7081548;-47.9146971;QUADRA 101 CONJUNTO 01 LOTE 07 SALA;02;RECANTO DAS EMAS
3433692;Caiu em cidade errada. Esperado: IBGE 530080;530080;CLINICA DE OLHOS MATTA MACHADO;-15.7610331;-47.8396725;SHIN QL 14 CONJUNTO 08 CASA;10;LAGO NORTE
3438791;Caiu em cidade errada. Esperado: IBGE 290340;290340;ELISABETH AMARAL DE SOUZA BARROS;-15.763;-38.993;RUA CELSO JORGE GUIMARAES;656;CENTRO
3448517;Caiu em cidade errada. Esperado: IBGE 530050;530050;LUDMILLA BARROSO DE ALBUQUERQUE LINS;-15.8212368;-47.98537049999999;SRES QD 01 ED CRUZEIRO CENTER BL A;118;CRUZEIRO VELHO
3449408;Caiu em cidade errada. Esperado: IBGE 290920;290920;P S TANQUE NOVO;-13.5484316;-42.4897122;POV TANQUE NOVO;S/N;ZONA RURAL
3449416;Caiu em cidade errada. Esperado: IBGE 290920;290920;P S SANTA BARBARA;-11.9539733;-38.9743433;POV SANTA BARBARA;S/N;ZONA RURAL
3470547;Caiu em cidade errada. Esperado: IBGE 530180;530180;EURIBERTO DE ARAUJO SANTANA;-15.8107481;-48.065751;SIG CONJUNTO B LOTE 0204 LOJA;01;TAGUATINGA
3470601;Caiu em cidade errada. Esperado: IBGE 530180;530180;SIRLEI CALZETA DIAS DUARTE;-15.801725;-47.866695;CNC 03 LOTE;16;TAGUATINGA
3473910;Caiu em cidade errada. Esperado: IBGE 292320;292320;UNIDADE BASICA DE SAUDE DA FAMILIA DE CAMPO FORMOSO;-12.1516334748;-42.4520730972;POVOADO DE BEIRA RIO;S/N;ZONA RURAL
3473929;Caiu em cidade errada. Esperado: IBGE 292320;292320;UNIDADE BASICA DE SAUDE DA FAMILIA DE QUEIMADA NOVA;-12.2259441976;-42.345085144;POVOADO DE QUEIMADA NOVA;S/N;ZONA RURAL
3494314;Caiu em cidade errada. Esperado: IBGE 291610;291610;ODONTOSESC;-13.8610297;-40.1038939;AVENIDA GOVERNADOR LOMANTO JUNIOR;S/N;ALTO DO SANTO ANTONI
3498204;Caiu em cidade errada. Esperado: IBGE 291165;291165;UNIDADE DE SAUDE DA FAMILIA BANANEIRA;-14.448708;-41.308293;FAZENDA BANANEIRA;S/N;ZONA RURAL
3507408;Caiu em cidade errada. Esperado: IBGE 530180;530180;PWSCHORN ONCOLOGIA;-15.8237978;-48.064847;QNC 11 LOTE;15;TAGUATINGA NORTE
3509915;Caiu em cidade errada. Esperado: IBGE 354130;354130;CLINICA DE FISIOTERAPIA PRESIDENTE EPITACIO;-21.71261961;-52.1672058105;ANTONIO VENANCIO LOPES;555;VILA BELA VISTA
3514021;Caiu em cidade errada. Esperado: IBGE 311940;311940;MD ODONTOLOGIA ESPECIALIZADA;-19.536981;-42.625004;RUA PEDRO NOLASCO;91;CENTRO
3519856;Caiu em cidade errada. Esperado: IBGE 210330;210330;NUCLEO DE HEMOTERAPIA DE CODO;-4.1223388;-44.1289553;RUA CENTRAL;S/N;CENTRO
3522857;Caiu em cidade errada. Esperado: IBGE 530090;530090;CLIAP;-15.835086;-47.8811158;SHIS CL QI 09 BLOCO M;141516;LAGO SUL
3539709;Caiu em cidade errada. Esperado: IBGE 250440;250440;UNID BAS PSF MONTEVIDEO;-8.1598369339;-38.5400390625;DISTRITO MONTEVIDEO;S/N;ZONA RURAL
3545083;Caiu em cidade errada. Esperado: IBGE 261450;261450;UNIDADE DE SAUDE DA FAMILIA DE FURNAS;-7.9558771632;-35.8786010742;SITIO FURNAS;S/N;ZONA RURAL
3546284;Caiu em cidade errada. Esperado: IBGE 530010;530010;SURGICAL WEIGHT LOSS CLINIC;-15.0;-47.0;SEPS EQ 710 910 CONJUNTO D;S/N;ASA SUL
3551733;Caiu em cidade errada. Esperado: IBGE 290680;290680;SAMUEL DE OLIVEIRA PINHEIRO;-10.524;-39.396;SEDE;S/N;CENTRO
3553124;Fora do Brasil ou no mar;420600;LABORATORIO BIOCLINICO DR FERNANDO DA SILVA JUNIOR;-27.314805;-48.554575;AVENIDA GANCHOS;30;GANCHOS DO MEIO
3553469;Caiu em cidade errada. Esperado: IBGE 530060;530060;CONSULTORIO ODONTOLOGICO DR LAZARO FERNANDES;-15.8271827;-47.95873690000001;AREA ESPECIAL 2021 SALA;106;GAMA
3553477;Caiu em cidade errada. Esperado: IBGE 530060;530060;CONSULTORIO ODONTOLOGICO DR LUIZ HUMBERTO;-15.7975154;-47.89188739999999;BLOCO 04 SALA;114;GAMA
3553523;Caiu em cidade errada. Esperado: IBGE 530060;530060;ODONTOLIFE;-15.7081548;-47.914697;Q 30;52;S CENTRAL COMERCIAL
3553558;Caiu em cidade errada. Esperado: IBGE 530060;530060;SESI GAMA;-15.8070889;-48.0853207;AREA ESPECIAL LOTES;0108;SETOR CENTRAL
3577104;Caiu em cidade errada. Esperado: IBGE 411900;411900;POSTO DE SAUDE ESQUINA GAUCHA PEROLA DOESTE;-25.624;-53.74;RUA PRINCIPAL DE ESQUINA GAUCHA;66;DISTRITO
3582531;Caiu em cidade errada. Esperado: IBGE 130050;130050;POSTO DE SAUDE DE SAO JOAO DO MASSAUARI;-3.0613513;-57.63901000000001;SAO JOAO DO MASSAUARI;S/N;ZONA RURAL
3586146;Caiu em cidade errada. Esperado: IBGE 280110;280110;CENTRO DE SAUDE DA FAMILIA DO POVOADO MAMOEIRO;-10.2315;-36.9612;POVOADO MAMOEIRO;S/N;POVOADO
3589188;Caiu em cidade errada. Esperado: IBGE 210455;210455;UNIDADE BASICA DE SAUDE DE GAMELEIRA;-5.6573270059;-47.2751998901;RUA PRINCIPAL;S/N;GAMELEIRA
3591018;Fora do Brasil ou no mar;120035;ESF RIBEIRINHA ROSENDO RODRIGUES;-9.4761115926;-72.7371740341;RIO JURUA;S/N;VILA FOZ DO BREU
3595358;Caiu em cidade errada. Esperado: IBGE 530060;530060;CLINOG;-15.7710162;-48.0284369;PROJECAO 12 LOJA C SETOR CENTRAL COMERCI;;GAMA
3599639;Caiu em cidade errada. Esperado: IBGE 530180;530180;PAULO AILTON DA SILVA QUEIROZ;-15.8126988;-48.0642964;QND 13;20;TAGUATINGA
3599744;Caiu em cidade errada. Esperado: IBGE 530180;530180;LUCIANA MARQUES ANDRIOTTI;-15.804496;-48.0668041;QND 47 LOTE;10;TAGUATINGA
3609626;Caiu em cidade errada. Esperado: IBGE 290650;290650;MARCELO SANTOS PEDREIRA;-12.9369094;-38.49287210000001;RUA LARGO DO TRIANGULO;138;CENTRO
3610829;Fora do Brasil ou no mar;330330;MONICA DOS SANTOS SOUZA;-22.9077015;-43.1122606;RUA CORONEL MOREIRA CESAR;160;ICARAI
3620212;Caiu em cidade errada. Esperado: IBGE 130440;130440;POSTO DE SAUDE SANTO ANTONIO;-3.197722;-58.186952;LAGO DO AGOSTINHO;S/N;COM SANTO ANTONIO
3627659;Fora do Brasil ou no mar;291790;POSTO DE SAUDE DE MANGUE SECO;-11.404;-37.303;PRACA DA ESCOLA;S/N;POVOADO
3631079;Fora do Brasil ou no mar;240440;POSTO DE SAUDE JOSE FIRMINO DE FRANCA;-4.543451;-37.133671;COMUNIDADE DE AREIAS ALVAS;S/N;ZONA RURAL
3639851;Caiu em cidade errada. Esperado: IBGE 352440;352440;CLINICA MEDICA E ODONTOLOGICA FROES S S LTDA;-23.6596388;-46.6773856;RUA JUCA DE AZEVEDO;104;CENTRO
3650030;Caiu em cidade errada. Esperado: IBGE 270630;270630;USF CARAIBAS TORTA;-9.242;-36.374;POVOADO CARAIBA TORTA;S/N;ZONA RURAL
3663957;Caiu em cidade errada. Esperado: IBGE 150220;150220;SERV MED;-1.1958195;-47.3270697;RUA MAGALHAES BARATA;29;CENTRO
3667650;Caiu em cidade errada. Esperado: IBGE 330330;330330;ELIZABETH ESTEFAN SASS;-22.8233414;-43.37863050000001;RUA CORONEL MOREIRA CESAR;160;ICARAI
3668797;Caiu em cidade errada. Esperado: IBGE 220350;220350;UBS PUBAS;-5.9768;-42.1147;LOCALIDADE PUBAS;S/N;PUBAS
3668975;Caiu em cidade errada. Esperado: IBGE 411705;411705;FISIOCLIN;-25.4025253;-52.4127978;RUA PROFESSOR ESTANISLAU KURATKOSKI;95;CENTRO
3677400;Caiu em cidade errada. Esperado: IBGE 350160;350160;CLAUDIO PORFIRIO DE ASSUNCAO FILHO;-22.75072;-47.36119;RUA DO ESTANHO;27;MOLLON
3677656;Caiu em cidade errada. Esperado: IBGE 530170;530170;IGOR CESAR MARTINS DE OLIVEIRA;-15.708703;-47.91437519999999;QD 06 AREA RESERV;04;SOBRADINHO
3700534;Caiu em cidade errada. Esperado: IBGE 312770;312770;ESF MAE DE DEUS I E II;-18.6182424463;-41.9933621191;BR 116;S/N;MAE DE DEUS
3702650;Caiu em cidade errada. Esperado: IBGE 230426;230426;UNIDADE DE VIGILANCIA SANITARIA;-5.1139291;-39.3674895;RUA ALVARO RICARTE;S/N;CENTRO
3720012;Caiu em cidade errada. Esperado: IBGE 292900;292900;JOSE ALVES DOS SANTOS;-12.6057261097;-38.9683127403;RUA BAEPENDY;01;CENTRO
3733572;Caiu em cidade errada. Esperado: IBGE 312770;312770;INSTITUTO DE HIPERTENSAO ARTERIAL DO LESTE MINEIRO;-18.5475982;-42.5634111489;MARECHAL FLORIANO;600;CENTRO
3735699;Caiu em cidade errada. Esperado: IBGE 312770;312770;CONSULTORIO MEDICO;-18.7768069;-42.9344998;RUA BARAO DO RIO BRANCO;681;CENTRO
3735745;Caiu em cidade errada. Esperado: IBGE 312770;312770;ELIANA COELHO DINIZ;-18.7768069;-42.9344998;RUA BARAO DO RIO BRANCO;681;CENTRO
3761835;Caiu em cidade errada. Esperado: IBGE 350400;350400;DR NORAGI;-22.8168701;-50.072806;RUA XV DE NOVEMBRO;754;CENTRO
3794962;Caiu em cidade errada. Esperado: IBGE 270800;270800;CENTRAL DE ABASTECIMENTO FARMACEUTICO CAF;-9.4023229542;-37.444152832;BBBBB;10;CAMOXINGA
3823164;Caiu em cidade errada. Esperado: IBGE 292470;292470;UNIDADE DE SAUDE DA FAMILIA BARRA DA ILHA;-15.1072402;-41.696452;FAZ BARRA DA ILHA;S/N;ZONA RURAL
3825051;Caiu em cidade errada. Esperado: IBGE 421680;421680;AURI SERGIO KOECH;-27.5939289;-48.6080493;RUA PRESIDENTE NEREU RAMOS;156;CENTRO
3830640;Caiu em cidade errada. Esperado: IBGE 312930;312930;CLINICA DE FISIOTERAPIA REPOSTURAR;-19.4218224;-42.2569993;RUA GRADENOR DE MELO;276;CENTRO
3830926;Caiu em cidade errada. Esperado: IBGE 280480;280480;VIVER FELIZ;-10.9354043;-37.0836237;RUA A 13;149;MARCOS FREIRE II
3856623;Caiu em cidade errada. Esperado: IBGE 291240;291240;ROSIMERI OLIVEIRA DA SILVA;-10.4337315;-36.5380181;AV BARAO DO RIO BRANCO;87;CENTRO
3868591;Caiu em cidade errada. Esperado: IBGE 291390;291390;CLINICA DE OLHOS DE IPIAU;-14.13822;-39.73669;MARECHAL FLORIANO PEIXOTO;171;CENTRO
3869377;Caiu em cidade errada. Esperado: IBGE 291390;291390;SEMPRE SERVICOS MEDICOS ESPECIALIZADOS;-14.13743;-39.73405;JURACY MAGALHAES;S/N;CENTRO
3874419;Fora do Brasil ou no mar;330330;NOTRI NUCLEO DE ORTOPEDIA TRAUMATOLOGIA DE ICARAI;-22.9062962665;-43.1106527307;MOREIRA CESAR;229;ICARAI
3884147;Caiu em cidade errada. Esperado: IBGE 250610;250610;VIGILANCIA EM SAUDE;-7.2127316104;-35.4723644257;RUA QUEBRA QUILOS;S/N;CENTRO
3891232;Caiu em cidade errada. Esperado: IBGE 293220;293220;POLICLINICA UBAITABA;-14.3140291;-39.3203048;AVENIDA PRESIDENTE VARGAS;S/N;CENTRO
3895696;Caiu em cidade errada. Esperado: IBGE 292750;292750;UNIDADE SAUDE DA FAMILIA DE SAO NICOLAU;-11.835943;-39.063955;POVOADO DE SAO NICOLAU;S/N;ZONA RURAL
3904679;Caiu em cidade errada. Esperado: IBGE 420200;420200;HUGO LEONARDO DE SOUZA DALAZOANA;-26.4856894;-49.0595638;RUA ALBERTO SANTOS DUMONT;635;CENTRO
3905772;Caiu em cidade errada. Esperado: IBGE 292830;292830;USF JOSE RONALDO DE CARVALHO;-12.03304;-38.50594;POVOADO RODEADOR;S/N;ZONA RURAL
3911144;Caiu em cidade errada. Esperado: IBGE 290270;290270;JOAQUIM DE ALBUQUERQUE CAVALCANTE NETO;-11.228519;-41.8794851;AVENIDA DOIS DE JULHO;06;CENTRO
3911187;Caiu em cidade errada. Esperado: IBGE 290270;290270;NEURON DE SOUZA BARRETO;-13.0039943;-38.4946555;RUA CARDOSO DE OLIVEIRA;1868;CENTRO
3911918;Caiu em cidade errada. Esperado: IBGE 530050;530050;ORTOPEDIA SUDOESTE FILIAL;-15.7081513;-47.9146952;SHC SW CLSW QUADRA 303 BLOC B LOJA;6;SUDOESTE
3915395;Caiu em cidade errada. Esperado: IBGE 530090;530090;CENTRO DE MED EST SERGIO CALINA;-15.8356941;-47.8710958;SHIS CL QI 11 BL S SALA 207 E 208;S/N;LAGO SUL
3928713;Caiu em cidade errada. Esperado: IBGE 521770;521770;AGENCIA TRANSFUSIONAL DE PONTALINA;-17.185461;-49.15543;PRACA JUSTO MAGALAES;S/N;CENTRO
3934721;Caiu em cidade errada. Esperado: IBGE 530180;530180;CEDETRAN;-15.8348862;-48.0109187;SIG LOTE 06 07 LJ 01 E;02;TAGUATINGA
3934748;Caiu em cidade errada. Esperado: IBGE 530180;530180;CLIAL;-15.8239709;-48.067407;QD SETOR C NORTE A E 10 SALA;805;TAGUATINGA
3934764;Caiu em cidade errada. Esperado: IBGE 530180;530180;CLINICENTRO;-15.8272299;-48.059058;QNA 16 LOTE 11 SALAS;S/N;TAGUATINGA NORTE
3940748;Caiu em cidade errada. Esperado: IBGE 130115;130115;UNIDADE BASICA DE SAUDE SAO JOSE;-3.4339165118;-59.8287963867;RIO MUTUCA;S/N;ZONA RURAL
3944999;Caiu em cidade errada. Esperado: IBGE 354130;354130;CONSULTORIO MEDICO DRA RUTH MARIA LEAL CORDEIRO DE CARVALHO;-21.7403668347;-52.1448898315;RUA MANAUS;562;CENTRO
3945006;Caiu em cidade errada. Esperado: IBGE 354130;354130;CONSULTORIO MEDICO DR ARIOVALDO DIAS LOURENCO;-21.7465853055;-52.1392250061;RUA VITORIA;806;CENTRO
3945065;Caiu em cidade errada. Esperado: IBGE 354130;354130;CONSULTORIO MEDICO DR LUIS RENATO DE CASTRO;-21.7509699628;-52.1424865723;FERNANDO COSTA;921;CENTRO
3955095;Caiu em cidade errada. Esperado: IBGE 530120;530120;COP CLINICA ODONTOLOGICA PRADO;-15.7081516;-47.9146947;AV MAL DEODOR QD 83 LT;04;PLANALTINA
3955664;Caiu em cidade errada. Esperado: IBGE 350900;350900;CONSULTORIO ODONTOLOGICO ISOLADO SANTA INES;-23.404862;-46.6434436;ESTRADA SANTA INES;S/N;SANTA INES
3958094;Caiu em cidade errada. Esperado: IBGE 171190;171190;UNIDADE BASICA DE SAUDE 1 LAGOA DA CONFUSAO;-10.4736751002;-49.3725371361;RUA 24 DE NOVEMBRO;S/N;CENTRO
3961095;Caiu em cidade errada. Esperado: IBGE 522045;522045;UNIDADE DE SUPORTE BASICO USB 09;-16.7972;-49.092;DOM EMANUEL;2837;ALVORADA
3962032;Caiu em cidade errada. Esperado: IBGE 311940;311940;CENTRO DE DIAGOSTICO ALBERT SABIN LTDA;-19.52426;-42.77802;R ARGEMIRO JOSE RIBEIRO;42;CENTRO
3968308;Caiu em cidade errada. Esperado: IBGE 120010;120010;LABORATORIO BIOLAB;-11.014241;-68.74288;AVENIDA JOSE RUI LINO;264;CENTRO
3969371;Caiu em cidade errada. Esperado: IBGE 293040;293040;CENTRO INTEGRADO DA SAUDE II;-12.1518036;-39.24545510000001;AVENIDA CENTRAL;002;BRAVO
3977609;Caiu em cidade errada. Esperado: IBGE 530180;530180;ASSOCIACAO MONTE DAS OLIVEIRAS;-15.8070889;-48.0853207;AREA ESPECIAL SETOR F SUL ANEXO II;S/N;TAGUATINGA SUL
3979520;Caiu em cidade errada. Esperado: IBGE 292260;292260;UNIDADE DE SAUDE DA FAMILIA DE SAO BENEDITO II;-13.599;-39.107;POVOADO DE SAO BENEDITO;S/N;CENTRO
3979539;Caiu em cidade errada. Esperado: IBGE 292260;292260;USF DO PAULISTA;-13.6226314602;-39.181022644;FAZENDA PAULISTA;S/N;CENTRO
3984109;Caiu em cidade errada. Esperado: IBGE 530180;530180;AMO VITA;-15.804496;-48.0668041;QND 47 LOTE 10 SALA;102;TAGUATINGA
3984117;Caiu em cidade errada. Esperado: IBGE 530180;530180;ANA DANIELA GUERRA REICHERT;-15.7915071;-47.9719691;C1 LOTE 1 12;542;TAGUATINGA CENTRO
3990524;Caiu em cidade errada. Esperado: IBGE 354130;354130;CONSULTORIO MEDICO DR JOSE DA VEIGA G DE OLIVEIRA FILHO;-21.6765721221;-52.1987915039;RUA MACEIO;127;CENTRO
4004353;Caiu em cidade errada. Esperado: IBGE 330250;330250;CLINICA BASTOS BELO LTDA;-22.6195581;-43.2124237;D;42;FRAGOSO
4005414;Caiu em cidade errada. Esperado: IBGE 150010;150010;POSTO DE SAUDE PANACUERA GRANDE;-1.7951125866;-49.129743576;RIO PANACUERA GRANDE;S/N;CENTRO
4012887;Caiu em cidade errada. Esperado: IBGE 240420;240420;04 UBS MIRANDA;-6.3008809756;-35.2983856201;SITIO MIRANDA;910;MIRANDA
4013298;Caiu em cidade errada. Esperado: IBGE 240680;240680;POSTO DE SAUDE DE BARRO PRETO;-14.808597;-39.4730623;SITIO BARRO PRETO;S/N;ZONA RURAL
4014065;Caiu em cidade errada. Esperado: IBGE 241120;241120;POSTO DE SAUDE DE BOA VISTA;-6.1700809913;-36.0923194885;SITIO BOA VISTA;S/N;ZONA RURAL
4020723;Caiu em cidade errada. Esperado: IBGE 280100;280100;POSTO DE SAUDE CARIOLANDO DE SOUZA;-10.67957;-37.53219;POVOADO CATINGA REDONDA;S/N;ZONA RURAL
4020855;Caiu em cidade errada. Esperado: IBGE 280360;280360;LIAC;-10.91292;-37.07028;PRACA HERACLITO DINIZ GONCALO ROLLEMBERG;244;CENTRO
4021118;Caiu em cidade errada. Esperado: IBGE 290010;290010;POSTO DE SAUDE DA FAZ MALHADA;-14.3382912;-43.7704136;FAZ MALHADA;S/N;FAZ MALHADA
4021258;Caiu em cidade errada. Esperado: IBGE 290060;290060;UNIDADE DE SAUDE DA FAMILIA MARIA CERQUEIRA;-14.628579501;-39.9446904659;PRACA INOCENCIO ROCHA;S/N;POVOADO DE PALMEIRIN
4021606;Caiu em cidade errada. Esperado: IBGE 290160;290160;ESF V RANGEL;-10.31058;-38.31509;COMUNIDADE RANGEL;S/N;ZONA RURAL
4021894;Caiu em cidade errada. Esperado: IBGE 312770;312770;ASSOCIACAO SANTA MARTA;-18.9790259533;-41.9897460938;SAO JOAO;183;ESPLANADA
4022483;Caiu em cidade errada. Esperado: IBGE 261230;261230;WAY TO ETERNITY SERVICOS MEDICOS;-8.5524815;-35.3871717;RUA FRANCISCO VIEIRA DA SILVA;15;CENTRO
4024486;Caiu em cidade errada. Esperado: IBGE 290790;290790;UNIDADE BASICA DE SAUDE DA FAMILIA BURI;-11.5;-38.517;POVOADO BURI;S/N;ZONA RURAL
4024702;Caiu em cidade errada. Esperado: IBGE 290870;290870;UNIDADE DE SAUDE DA FAMILIA JOSE MARTINS DE CARVALHO;-15.0661562426;-42.2939300537;POVOADO DO ALEGRE;S/N;ZONA RURAL
4026241;Caiu em cidade errada. Esperado: IBGE 291330;291330;POSTO DE SAUDE DE CASA NOVA;-11.7729229098;-39.2325210571;POVOADO DE CASA NOVA;S/N;SEDE
4030540;Caiu em cidade errada. Esperado: IBGE 292640;292640;UNIDADE DE SAUDE DA FAMILIA DE BOTUQUARA;-13.6092845071;-42.6937123775;POVOADO DE BOTUQUARA;15;ZONA RURAL
4031431;Caiu em cidade errada. Esperado: IBGE 292750;292750;UNIDADE SAUDE DA FAMILIA DE SITIO DAS FLORES;-11.847223;-38.932277;POVOADO DE SITIO DAS FLORES;100;ZONA RURAL
4033108;Caiu em cidade errada. Esperado: IBGE 293190;293190;KI DENTE CLINICA ODONTOLOGICA LTDA;-12.2555134;-38.9727815;RUA BARAO DO RIO BRANCO;38;CENTRO
4035275;Caiu em cidade errada. Esperado: IBGE 313960;313960;MARCELA ALVES FIUZA;-18.465;-40.5808;8;85;ESPLANADA
4042611;Caiu em cidade errada. Esperado: IBGE 241475;241475;UBS BARRINHA DOS VICTOR;-6.27;-38.536;SITIO BARRINHA;S/N;ZONA RURAL
4044428;Caiu em cidade errada. Esperado: IBGE 320040;320040;UNIDADE DE SAUDE DE BELO HORIZONTE;-19.1834229;-40.3088626;BELO HORIZONTE;S/N;BELO HORIZONTE
4045947;Caiu em cidade errada. Esperado: IBGE 330330;330330;SEAP DESIPE AMBINST PENAL ROMEIRO NETO;-22.848196;-42.3145944;AV MAL CASTELO BRANCO;S/N;CENTRO
4051203;Caiu em cidade errada. Esperado: IBGE 410200;410200;HOSPITAL SANTA RITA;-25.3914969;-54.2064744;RUA 07 DE SETEMBRO;261;CENTRO
4051289;Caiu em cidade errada. Esperado: IBGE 410760;410760;TFS SEGURANCA E MEDICINA OCUPACIONAL;-23.981233711;-51.6741943359;BRASIL;1355;CENTRO
4057872;Caiu em cidade errada. Esperado: IBGE 210200;210200;CONEXAO ODONTO;-3.3957;-45.237;RUA FREI HENRIQUE;145;CANECAO
4067118;Caiu em cidade errada. Esperado: IBGE 351925;351925;ESF CHACARA DAS FLORES;-22.531862;-49.082815;CHACARA DAS FLORES;100;CHACARA DAS FLORES
4070097;Caiu em cidade errada. Esperado: IBGE 313960;313960;W E COELHO MEDICO;-18.465;-40.594;G;223;PRIMAVERA
4076699;Caiu em cidade errada. Esperado: IBGE 310670;310670;DOUTORAS SORRISO;-19.9286645;-44.1036197;AVENIDA MATO GROSSO;518;VILA UNIVERSAL
4083695;Caiu em cidade errada. Esperado: IBGE 520140;520140;UNIMED GOIANIA;-16.7408;-49.27678;AVENIDA RIO VEDE;S/N;VILA SAO TOMAZ
4099818;Caiu em cidade errada. Esperado: IBGE 261120;261120;POSTO DE SAUDE POCO DOS CAVALOS;-8.1981285;-36.6521265;SITIO POCO DOS CAVALOS;S/N;ZONA RURAL
4101812;Caiu em cidade errada. Esperado: IBGE 412540;412540;JUNIOR B GIMENES LTDA;-23.89645;-49.75185;SITIO SAO JOSE;00;AGUA DE SAO JOAO
4104188;Caiu em cidade errada. Esperado: IBGE 251597;251597;CENTRO DE FISIOTERAPIA E REABILITACAO DE SOBRADO;-7.144;-35.239;CONJUNTO ANA CELIA DE OLIVEIRA MELO;S/N;CENTRO
4104870;Fora do Brasil ou no mar;260720;SAMU MOTOLANCIA 2;-8.51159;-35.00224;RODOVIA PE 38 KM 9;S/N;NOSSA SENHORA DO O
4116828;Caiu em cidade errada. Esperado: IBGE 291810;291810;LABORATORIO DE PROTESE DENTARIA JEREMOABO;-10.3310264771;-38.4189534187;CENTRO JEREMOABO;01;CENTRO
4125835;Caiu em cidade errada. Esperado: IBGE 354130;354130;MINATTI CLINICA ODONTOLOGICA;-21.7234639904;-52.1919250488;PRESIDENTE VARGAS;1033;CENTRO
4129792;Caiu em cidade errada. Esperado: IBGE 521760;521760;DEDICARMED SAUDE OCUPACIONAL;-15.62143;-47.6551;Q QC 2 MC LOTE;1;SETOR NORTE
4136128;Caiu em cidade errada. Esperado: IBGE 290560;290560;FISIOBEM;-15.6787762;-38.9450411;02 DE JULHO;525;CENTRO
4161564;Caiu em cidade errada. Esperado: IBGE 240050;240050;UNIDADE BASICA DE SAUDE DR PEDRO GONCALVES DE ALMEIDA;-6.244;-37.584;SITIO ILHA;S/N;ZONA RURAL
4170121;Caiu em cidade errada. Esperado: IBGE 520140;520140;MAKE BEAUTY ESTETICA FACIAL CORPORAL;-16.7418286;-49.2784916;AVENIDA DONA MARIA CARDOSO;S/N;VILA SAO TOMAZ
4170164;Caiu em cidade errada. Esperado: IBGE 411350;411350;ORAL X;-22.8232444;-53.2232156;BRASIL;1142;CENTRO
4172175;Caiu em cidade errada. Esperado: IBGE 314260;314260;CONSULTORIO ODONTOLOGICO VIEIRAS;-21.4255;-45.2827;SITIO VIEIRAS;00;VIEIRAS
4181980;Caiu em cidade errada. Esperado: IBGE 220205;220205;UBS MORRINHOS;-4.2836;-42.1837;LC MORRINHOS;S/N;ZONA RURAL
4191323;Caiu em cidade errada. Esperado: IBGE 354130;354130;CEMIPE CENTRO DE ESPECIALIDADES MEDICA E IMAGEM;-21.7773547998;-52.2138977051;RUA CURITIBA;1009;VILA SANTA ROSA
4191730;Caiu em cidade errada. Esperado: IBGE 350160;350160;SELMA ALINE DA SILVA NOBRE;-22.9267286;-47.3492278;RUA 07 DE SETEMBRO;1499;CENTRO
4192583;Caiu em cidade errada. Esperado: IBGE 520140;520140;LORENA LOBO PSICOLOGIA;-16.7427355;-49.2780256;AV RIO VERDE;S/N;VILA SAO TOMAZ
4202392;Caiu em cidade errada. Esperado: IBGE 510779;510779;CLINICA SANTA ANNA II;-14.4746;-53.3824;SAO PAULO;118;JARDIM BEM VIVER
4206207;Caiu em cidade errada. Esperado: IBGE 351515;351515;FELIX LUZ ENGENHEIRO COELHO;-23.103956;-47.166013;ALAMEDA DOS FLAMINGOS;310;RESIDENCIAL LAGOA BO
4207025;Caiu em cidade errada. Esperado: IBGE 130240;130240;UNIDADE BASICA DE SAUDE INDIGENA IRMA CLEUSA;-7.415586;-64.333345;RIO MARI;S/N;ZONA RURAL
4214188;Fora do Brasil ou no mar;290540;L BARBALHO SERVICOS MEDICOS;-13.377;-38.917;DE TRAS;05;GAMBOA DO MORRO
4227743;Caiu em cidade errada. Esperado: IBGE 320010;320010;UNIDADE DE SAUDE RURAL DE ANUNCIACAO;-20.4180232;-41.1315444;ZONA RURAL;S/N;ZONA RURAL
4228073;Caiu em cidade errada. Esperado: IBGE 230870;230870;UNIDADE DE ATENCAO PRIMARIA DA LAGOA DAS CARNAUBAS;-5.0519337483;-38.5899012022;LAGOA DAS CARNAUBAS;S/N;JUAZEIRO
4240103;Caiu em cidade errada. Esperado: IBGE 250220;250220;HSM2 SERVICOS EM SAUDE;-6.8186144;-38.6588193;AV VEREADOR MANOEL GUEDES DE AQUINO;49;MARIA SINGULAR DE BR
4240448;Caiu em cidade errada. Esperado: IBGE 291950;291950;EMULTI COMPLEMENTAR BARRINHA;-13.4216;-41.6834;PRACA SENADOR TANAJURA;27;CENTRO
4245636;Caiu em cidade errada. Esperado: IBGE 210920;210920;LABORATORIO MUNICIPAL SANTO ANTONIO;-2.9234177;-44.0627261;RUA MONSENHOR BACELAR;S/N;CENTRO
4252462;Caiu em cidade errada. Esperado: IBGE 421740;421740;ESTRATEGIA SAUDE DA FAMILIA ITOUPAVA ACU;-26.35399;-49.12421;RUA 23 DE MARCO;2911;ITOUPAVA ACU
4253353;Caiu em cidade errada. Esperado: IBGE 430700;430700;PREVENIR ANALISES CLINICAS;-27.3888908;-52.2999084;ARGENTINA;306;CENTRO
4253930;Caiu em cidade errada. Esperado: IBGE 211153;211153;CLINICA SAUDE;-5.0852375;-48.4287992;NOVA;1113;CENTRO
4258975;Caiu em cidade errada. Esperado: IBGE 241410;241410;CENTRAL DE GESTAO EM SAUDE;-6.2805;-38.1047;PROJETADA;S/N;OLINTOS
4272609;Caiu em cidade errada. Esperado: IBGE 431480;431480;RENOVO RESIDENCIAL TERAPEUTICO;-29.7448359012;-51.2995433807;SANGA FUNDA;1230;SANGA FUNDA
4272927;Caiu em cidade errada. Esperado: IBGE 280530;280530;POSTO DE SAUDE ILZA DOS SANTOS ALMEIDA MARIMBONDO;-10.6692035499;-36.9105139375;POVOADO MARIMBONDO;S/N;ZONA RURAL
4278615;Caiu em cidade errada. Esperado: IBGE 330180;330180;CLINICA DA MULHER DE ENGENHEIRO PAULO DE FRONTIN;-22.5539723;-43.6803384;RUA MANOEL DA SILVA NEVES;74;CENTRO
4289404;Caiu em cidade errada. Esperado: IBGE 411090;411090;ORACLE SERVICOS LTDA;-22.2212;-51.3448;GOVERNADOR MOISES LUPION;461;CENTRO
4294432;Caiu em cidade errada. Esperado: IBGE 171330;171330;CONSULTORIO OLIVEIRA DE MIRANORTE;-9.3143529514;-48.3524179459;AVENIDA POSTO YPE;2150;VILA MARIA
4298195;Caiu em cidade errada. Esperado: IBGE 261590;261590;CENTRO DE ESPECIALIDADES DE TUPARETAMA;-7.5992492;-37.3102042;RUA FARMACEUTICO ALEIXINHO;01;CENTRO
4313801;Caiu em cidade errada. Esperado: IBGE 210480;210480;UBS JOSE DE RIBAMAR SOUSA;-5.8218081134;-46.8732192612;SANTOS DUMONT;S/N;SANTOS DUMONT
4316061;Caiu em cidade errada. Esperado: IBGE 150780;150780;POSTO DE SAUDE INDIGENA PYKAJAKA;-3.4743;-51.3309;ALDEIA PYKAJAKA TI BAKAJA;S/N;ZONA RURAL
4317300;Caiu em cidade errada. Esperado: IBGE 352470;352470;CENTRO DE REFERENCIA DO AUTISMO DE JAGUARIUNA LTDA;-22.79275;-47.00055;FAZENDA MEIA LUA;S/N;TANQUINHO VELHO
4317432;Caiu em cidade errada. Esperado: IBGE 420910;420910;PHONO SUL COMUNICACAO SAUDE;-26.248195;-49.3888259;RUA PEROBA;697;GUANABARA
4328078;Caiu em cidade errada. Esperado: IBGE 261590;261590;CENTRAL DE ABASTECIMENTO FARMACEUTICO CAF DE TUPARETAMA;-7.5998108086;-37.311694622;FARMACEUTICO ALEIXINHO;5;CENTRO
4328159;Caiu em cidade errada. Esperado: IBGE 354130;354130;ANDREIA FIORESE STIAQUE LTDA;-21.7440341706;-52.1270370483;ANTONIO VENANCIO LOPES;909;VILA MARIA
4331494;Caiu em cidade errada. Esperado: IBGE 240670;240670;UNIDADE MISTA DE SAUDE MARIA NIETE TEIXEIRA DA SILVA;-5.4328196273;-36.208190918;POVOADO BOA VISTA;S/N;ASSENTAMENTO BOA VIS
4335104;Caiu em cidade errada. Esperado: IBGE 250470;250470;UNIDADE ANCORA DO SITIO RIACHO DO ALGODAO;-7.6864952331;-36.6448974609;SITIO RIACHO DO ALGODAO;S/N;ZONA RURAL
4336658;Caiu em cidade errada. Esperado: IBGE 315210;315210;AF BARBOSA SERVICOS MEDICOS LTDA;-20.1620794298;-42.9670572281;RUA MARECHAL DEODORO;21;PALMEIRAS
4346068;Fora do Brasil ou no mar;320520;DROGASIL VILA VELHA 9;-20.3436230591;-40.2854676617;PARA;138;PRAIA DA COSTA
4347544;Fora do Brasil ou no mar;251190;NAJA SAUDE LTDA;-7.471242;-34.807009;RUA ALTA PEREIRA;S/N;CENTRO
4359895;Caiu em cidade errada. Esperado: IBGE 292260;292260;CENTRAL DE REDE DE FRIOS;-13.6010882706;-39.1056632996;CENTRO;S/N;CENTRO
4412516;Caiu em cidade errada. Esperado: IBGE 330330;330330;FELD FABIO E LIZETE DAMASCENO ASSOCIADOS LTDA;-22.8266118298;-43.0517336027;CORONEL MOREIRA CESAR;229;ICARAI
4422694;Caiu em cidade errada. Esperado: IBGE 354130;354130;BIGFARMA PRESIDENTE EPITACIO;-21.7094299308;-52.1332168579;PRESIDENTE VARGAS;1176;CENTRO
4423887;Caiu em cidade errada. Esperado: IBGE 315110;315110;GM PRESTACAO DE SERVICOS MEDICOS;-21.6543636603;-42.3477134617;MIGUEL DA SILVA TORRES;15;SANTO ANTONIO
4427793;Caiu em cidade errada. Esperado: IBGE 521860;521860;MELO ENFERMAGEM FISIOTERAPIA E MEDICINA;-15.318014;-49.577055;RUA 13 DE MAIO;S/N;SANTA HELENA
4436814;Caiu em cidade errada. Esperado: IBGE 330180;330180;IBANC;-22.5501154933;-43.6779928207;ESTRADA DE SACRA FAMILIA;1795;AGUADA
4437098;Caiu em cidade errada. Esperado: IBGE 260110;260110;ESF VILA SERRANIA II;-7.3679147067;-40.7592773438;RUA 03;S/N;VILA SERRANIA
4454731;Caiu em cidade errada. Esperado: IBGE 420540;420540;GRANDCARE;-27.2429841;-48.6356113;XV DE NOVEMBRO;312;CENTRO
4466985;Caiu em cidade errada. Esperado: IBGE 220750;220750;CENTRAL MUNICIPAL DE REDE DE FRIOS CMRF;-5.978;-43.063;AV CENTRAL;S/N;CENTRO
4495691;Caiu em cidade errada. Esperado: IBGE 330245;330245;NUCLEO DE VIGILANCIA EM SAUDE MARIA CARDOZO;-21.98766;-42.25639;RUA CARLOS BADINI JUNIOR;277;SANTOS REIS
4517199;Caiu em cidade errada. Esperado: IBGE 330180;330180;IISF;-22.550075859;-43.6779928207;ESTRADA HEITOR LIRA;157;PALMAS
4532406;Caiu em cidade errada. Esperado: IBGE 352100;352100;CAMILA RODRIGUES BARBOZA DE ANDRADE;-23.566567;-47.874512;AV BENEDITO GERMANO DE ARAUJO;100;DIST INDUSTRIAL
4538544;Caiu em cidade errada. Esperado: IBGE 316553;316553;M C ODONTO;-19.955266;-44.112739;VIA MARGINAL 04;122;SANTA ROSA
4554035;Fora do Brasil ou no mar;330130;UNIMED POSTO DE COLETA BARRA DE SAO JOAO;-22.57;-41.98;AMARAL PEIXOTO;363;VILA CAMPO ALEGRE
4560787;Caiu em cidade errada. Esperado: IBGE 250220;250220;CEO BOM JESUS;-6.8133526123;-38.6530083418;FIRMINO DE BRITO LIRA;01;ASA BRANCA
4565037;Caiu em cidade errada. Esperado: IBGE 353070;353070;C S J PERICIA E SERVICOS MEDICOS SOCIEDADE SIMPLES;-22.3973799738;-46.9489574432;MARIA PALIARI CASSIMIRO;340;LOTEAMENTO PARQUE DO
4565762;Caiu em cidade errada. Esperado: IBGE 520740;520740;IMAGEM;-17.201;-49.5534;7 DE SETEMBRO;431;CENTRO
4569873;Caiu em cidade errada. Esperado: IBGE 522045;522045;DROGARIAS PACHECO;-16.7333;-49.2667;DOM EMANUEL;S/N;JARDIM TODOS OS SANT
4579941;Caiu em cidade errada. Esperado: IBGE 412510;412510;FAXINAL DOS FABRICIOS;-25.507723;-50.317316;FAXINAL DOS FABRICIOS;S/N;ZONA RURAL
4585313;Caiu em cidade errada. Esperado: IBGE 210125;210125;POSTO DE SAUDE SEBASTIANA MOURAO;-3.455768;-44.29151;POVOADO ASSENTAMENTO;S/N;ASSENTAMENTO
4587685;Caiu em cidade errada. Esperado: IBGE 291950;291950;MELHOR EM CASA LIVRAMENTO;-13.4216;-41.6834;PRACA SENADOR TANAJURA;27;CENTRO
4615271;Caiu em cidade errada. Esperado: IBGE 251597;251597;CENTRO DE ESPECIALIZADO DE SAUDE MENTAL;-7.1430312;-35.237508;CONJUNTO PAULO ROLIM;S/N;CENTRO
4648382;Caiu em cidade errada. Esperado: IBGE 311860;311860;ODONTOLOGIA DRA ANNA CLARA MORAES;-19.9760015666;-44.0663004464;AV BRAZ JULIO DE OLIVEIRA;18;PARQUE DURVAL DE BAR
4665627;Caiu em cidade errada. Esperado: IBGE 120020;120020;UNIDADE BASICA DE SAUDE SANTA MARIA 307;-7.4072224;-73.0501362;RAMAL BELO MONTE;21280;SANTA MARIA
4666119;Caiu em cidade errada. Esperado: IBGE 315210;315210;KAROL PSICOLOGA;-20.1617571451;-42.9669284821;RUA MARECHAL DEODORO;299;PALMEIRAS
4683285;Caiu em cidade errada. Esperado: IBGE 260790;260790;RAIA DROGASIL 2037;-8.1494021;-34.9124207;ARMINDO MOURA;565;PIEDADE
4690265;Caiu em cidade errada. Esperado: IBGE 220750;220750;NUCLEO DE TELESSAUDE;-5.9797968;-43.061843;AV CENTRAL;S/N;CENTRO
4690362;Caiu em cidade errada. Esperado: IBGE 221097;221097;NUCLEO DE TELESSAUDE;-6.5963534;-42.283901;RUA PRIMEIRO DE OUTUBRO;168;CENTRO
4699696;Fora do Brasil ou no mar;420610;VITAL FISIO CENTER;-28.83589;-49.22671;ALVARO DE OLIVEIRA SOUZA;299;CENTRO
4719719;Fora do Brasil ou no mar;270470;UNIDADE DE SAUDE DA FAMILIA DO CABREIRAS;-9.4538151;-35.5222901;CABREIRAS;S/N;CABREIRAS
4747453;Caiu em cidade errada. Esperado: IBGE 270470;270470;POSTO DE APOIO MUCURI;-9.784411;-35.9903198;AVENIDA NOSSA SENHORA SANTA ANA;S/N;MUCURI
4762797;Fora do Brasil ou no mar;211130;LEINAD CORP;-2.476;-44.2797;22 QUADRA 15;25;COHAJAP
4767098;Caiu em cidade errada. Esperado: IBGE 315450;315450;MOVIMENTE STUDIO DE PILATES E FISIOTERAPIA;-15.75059;-43.03445;RUA AILSON MENDES BRITO;12;CENTRO
4781007;Caiu em cidade errada. Esperado: IBGE 291950;291950;EMULTI COMPLEMENTAR ITANAGE;-13.4216;-41.6834;PRACA SENADOR TANAJURA;27;CENTRO
4784634;Caiu em cidade errada. Esperado: IBGE 290990;290990;LABORATORIO MUNICIPAL JOSE FERREIRA SO;-8.9889589776;-39.9080836773;POVOADO DE SAO BENTO;S/N;RURAL
4797485;Caiu em cidade errada. Esperado: IBGE 170210;170210;ODONTHOS DE ARAGUAINA;-6.434918;-47.6705698;RUA 1 DE JANEIRO;1101;CENTRO
4804384;Caiu em cidade errada. Esperado: IBGE 421280;421280;UNIDADE DE SAUDE DA FAMILIA ITACOLOMI 2;-26.7063598576;-48.7216186523;RUA 4450;S/N;ITACOLOMI
4815548;Caiu em cidade errada. Esperado: IBGE 170220;170220;MEDICMIL;-5.39712;-48.618436;ARAGUAIA;826;CENTRO
4824814;Caiu em cidade errada. Esperado: IBGE 211130;211130;BEMOL CLINICA DE MUSICOTERAPIA COMPORTAMENTAL;-2.4737801;-44.1797161;DOS HOLANDESES CONS HILTON RODRIGUES;18;CALHAU
4841387;Caiu em cidade errada. Esperado: IBGE 292940;292940;POSTO DE SAUDE DO RIO PRETO;-13.070137;-39.510682;POVOADO DO RIO PRETO;0;ZONA RURAL
4852761;Caiu em cidade errada. Esperado: IBGE 120060;120060;TAISSA CLINICA DE PSICOLOGIA E NEUROPSICOLOGIA;-8.121314;-70.121314;EPAMINONDAS JACOME;1341;COPACABANA
4858751;Caiu em cidade errada. Esperado: IBGE 353440;353440;ABC DA MENTE;-23.5509291;-46.7599167;RUA MANOEL JOSE DE SANTANA;95;VILA YARA
4866630;Caiu em cidade errada. Esperado: IBGE 270250;270250;ACADEMIA DE SAUDE PAI MANE;-9.3511739107;-37.1193695068;RUA NOSSA SENHORA DA CONCEICAO;S/N;POV PAI MANE
4882059;Caiu em cidade errada. Esperado: IBGE 320265;320265;ENFERMAGEM MASSINI;-20.3688731;-41.6983874;SANTA CLARA;S/N;ZONA RURAL
4895606;Caiu em cidade errada. Esperado: IBGE 210920;210920;SAMU 192 DE PRESIDENTE JUSCELINO;-2.927233;-44.0653;PRACA DO TAMARINEIRO;S/N;CENTRO
4913930;Caiu em cidade errada. Esperado: IBGE 312590;312590;SIMONE BASTOS FISIOTERAPIA E PILATES;-19.8366682;-43.178017;SAO JOSE;827;SANTA RITA DE CASSIA
4914554;Fora do Brasil ou no mar;330330;CENTRO DE MEDICINA INTERNA;-22.9056988227;-43.1119087733;R CORONEL MOREIRA CESAR;160;ICARAI
4929888;Caiu em cidade errada. Esperado: IBGE 120060;120060;HARMONIA VOCAL;-8.232425;-70.232425;EPAMINONDAS JACOME;1341;COPACABANA
4936833;Caiu em cidade errada. Esperado: IBGE 150380;150380;PS INDIGENA NOVA JACUNDA;-4.74492;-48.96584;ALDEIA NOVA JACUNDA;S/N;ZONA RURAL
4956400;Caiu em cidade errada. Esperado: IBGE 412170;412170;E S F BARRA BONITA;-24.5930969;-51.1327306;RUA PRINCIPAL;00;CAMPINAS BELAS II
4974522;Caiu em cidade errada. Esperado: IBGE 110037;110037;UBSI BAIXA VERDE;-12.753920401;-61.5110778809;ESTRADA P40 KM15;S/N;ZONA RURAL
4989384;Caiu em cidade errada. Esperado: IBGE 280450;280450;INSTITUTO ROMAO;-9.9666553;-37.0806934;RUA FLORIANO PEIXOTO;54;CENTRO
4989708;Caiu em cidade errada. Esperado: IBGE 354130;354130;L A ANDRADE LTDA;-21.7492958367;-52.142829895;SALVADOR;1152;CENTRO
4996038;Caiu em cidade errada. Esperado: IBGE 230500;230500;PONTO DE APOIO SITIO ALEGRE;-4.1305384243;-40.7124996185;SITIO ALEGRE;S/N;ZONA RURAL
5000912;Caiu em cidade errada. Esperado: IBGE 261620;261620;PSF FERRAZ;-7.8225066537;-36.0231067079;SITIO FERRAZ;S/N;ZONA RURAL
5009340;Caiu em cidade errada. Esperado: IBGE 530180;530180;UNIORTO FACE;-15.7975154;-47.89188739999999;QNA 01 LOTE 16 LOJA;01;NORTE
5033500;Caiu em cidade errada. Esperado: IBGE 230340;230340;UBS DE OLHO DAGUA MARIA DO SOCORRO C ARAUJO;-4.194327;-40.935047;SITIO OLHO D AGUA;00;ZONA RURAL
5034981;Caiu em cidade errada. Esperado: IBGE 411250;411250;POSTO DE SAUDE DO ASSENTAMENTO OITO DE ABRIL ZONA RURAL;-24.343711;-51.847602;ASSENTAMENTO OITO DE ABRIL;S/N;FAZENDA SETE MIL ALQ
5039908;Caiu em cidade errada. Esperado: IBGE 530180;530180;CLIMP CLINICA MEDICA E PSICOLOGICA LTDA;-15.8343722;-48.0575583;C 12 BLOCO A LOTE;03;TAGUATINGA CENTRO
5041007;Caiu em cidade errada. Esperado: IBGE 130240;130240;UNIDADE BASICA DE SAUDE INDIGENA CUJUBIM;-7.30066;-64.51194;RIO PUCIARI;S/N;ALDEIA
5041910;Caiu em cidade errada. Esperado: IBGE 320040;320040;UNIDADE DE SAUDE DE LIMEIRA;-22.5838179;-47.4097569;LIMEIRA;S/N;LIMEIRA
5050391;Caiu em cidade errada. Esperado: IBGE 530180;530180;FISIOMED;-15.8238339;-48.0628737;QNB 11 LOTE 02;S/N;TAGUATINGA
5056403;Caiu em cidade errada. Esperado: IBGE 292960;292960;CLIGIM SAPEACU;-12.9655521;-39.2679504;PRACA CONEGO JOSE LOURENCO;380;CENTRO
5056462;Caiu em cidade errada. Esperado: IBGE 292960;292960;CRISTIANO COSTA BLOISI;-12.2552451;-38.9665923;PRACA DA BANDEIRA;S/N;CENTRO
5057639;Caiu em cidade errada. Esperado: IBGE 420820;420820;LUIZ AURELIO FERREIRA LUCATO;-26.9846678;-48.6399171;RUA 981;130;CENTRO
5064295;Caiu em cidade errada. Esperado: IBGE 210047;210047;UBS DE MARAMBAIA;-3.884801;-45.850871;RUA PRINCIPAL;S/N;POVOADO MARAMBAIA
5066514;Caiu em cidade errada. Esperado: IBGE 312770;312770;DARLAN CORREA DIAS;-18.5427255;-42.7632773;RUA DOM PEDRO II;541;CENTRO
5069440;Caiu em cidade errada. Esperado: IBGE 330170;330170;DORIVAL ARABE;-22.6290807;-43.1949148;AV PRES KENNEDY;1741;CENTRO
5078547;Caiu em cidade errada. Esperado: IBGE 210540;210540;POSTO DE SAUDE JOSE FRANCISCO CARVALHO;-3.224177;-43.679939;POVOADO PICOS I;S/N;ZONA RURAL
5083117;Caiu em cidade errada. Esperado: IBGE 530180;530180;UNIQUE ODONTOLOGIA;-15.8241863;-47.9278831;CNB 02 LOTE 01 04 SALA;131;TAGUATINGA
5083451;Caiu em cidade errada. Esperado: IBGE 310130;310130;FERNANDA OLIVEIRA ENFERMAGEM LTDA;-22.271135;-44.638098;ALAGOA X ITAMONTE KM3;S/N;PRATEADO
5084024;Caiu em cidade errada. Esperado: IBGE 292640;292640;VIGILANCIA A SAUDE;-12.8857737;-38.3185595;PRACA LAURO DE FREITAS;S/N;CENTRO
5085187;Caiu em cidade errada. Esperado: IBGE 530090;530090;MARIA DE FATIMA REBOUCAS MALVA;-15.8310864;-47.9443693;SHIS QI 09 LOTE E BLOCO 1;302;LAGO SUL
5085322;Caiu em cidade errada. Esperado: IBGE 210920;210920;UNIDADE BASICA DE SAUDE LIDIMAR BAIMA ALVES;-2.924054326;-44.0640377998;RUA ANTONIO BAYMA;S/N;CENTRO
5096170;Caiu em cidade errada. Esperado: IBGE 351350;351350;LABORATORIO DE PATOLOGIA CLINICA DR ALVARO A DE CAMARGO LT;-23.9633292;-46.379306;RUA ARMANDO SALES DE OLIVEIRA;210;CENTRO
5110084;Caiu em cidade errada. Esperado: IBGE 291830;291830;USF EVANILTON PEREIRA DE JESUS;-14.00562;-39.53127;RUA 15 DE NOVEMBRO;S/N;CENTRO
5112281;Caiu em cidade errada. Esperado: IBGE 280030;280030;FLEBOCLINICA;-10.8634387317;-37.0945892169;PREFEITO HUMBERTO DOS SANTOS;1600;FERNANDO COLLOR
5140625;Caiu em cidade errada. Esperado: IBGE 354130;354130;LUIZ RICARDO DE GOES;-21.75918087;-52.2396469116;RUA VITORIA;308;CENTRO
5168430;Caiu em cidade errada. Esperado: IBGE 120010;120010;MANOEL ARIDES BRITO DE MELO;-11.020543;-68.74238849999999;TRAVESSA JOAO THOMAZ;100;CENTRO
5238307;Caiu em cidade errada. Esperado: IBGE 530180;530180;INSTITUTO DE ODONTOLOGIA SOUZA LIMA;-15.8205766;-48.0613569;QNA 41 LOTE;05;TAGUATINGA
5251478;Fora do Brasil ou no mar;431560;DR SEIBEL;-32.0335143;-52.0977608;CONDE DE PROTO ALEGRE;432;CENTRO
5267390;Caiu em cidade errada. Esperado: IBGE 312675;312675;UNIDADE BASICA DE SAUDE DA FAMILIA DE ANTONIO FERREIRA;-17.96;-42.9;RUA DOMINGOS NASCIMENTO;S/N;ZUNA RURAL
5281504;Caiu em cidade errada. Esperado: IBGE 220205;220205;PS ANTONIO JOSE DA SILVA;-4.45312;-41.36013;LC JENIPAPEIRO;S/N;ZONA RURAL
5292557;Caiu em cidade errada. Esperado: IBGE 291390;291390;BIOVACINA;-14.13809;-39.73687;MARECHAL FLORIANO PEIXOTO;181;CENTRO
5293154;Caiu em cidade errada. Esperado: IBGE 354130;354130;CONSULTORIO ODONTOLOGICO THIAGO OLIVATO PEREIRA;-21.7517671589;-52.1335601807;RUA FORTALEZA;729;CENTRO
5296692;Caiu em cidade errada. Esperado: IBGE 530170;530170;ODONTO SIA;-15.638509;-47.84744209999999;CONDOMINIO RIO NEGRO MODULO 3 LOTES 5 6;02;SETOR DE MANSOES DE
5297397;Caiu em cidade errada. Esperado: IBGE 290360;290360;POSTO DE SAUDE BOA SORTE;-11.5470141272;-38.6924806253;COLONIA BOA SORTE;S/N;RURAL
5298806;Caiu em cidade errada. Esperado: IBGE 290620;290620;UNIDADE DE SAUDE DA FAMILIA SALOBRO II;-11.6791348925;-41.7695689201;DISTRITO DE SALOBRO;S/N;DISTRITO
5298938;Caiu em cidade errada. Esperado: IBGE 290620;290620;UNIDADE DE SAUDE DA FAMILIA SEDE I;-11.6731039738;-41.7714571953;AVENIDA FRANCISCO BARBOSA DO NASCIMENTO;01;CENTRO
5307740;Caiu em cidade errada. Esperado: IBGE 350210;350210;CLINICA DE ORTOPEDIA DR EDSON LOPES FERREIRA ANDRADINA;-20.8800914;-51.48784819999999;RUA HUMBERTO DE CAMPOS;1017;CENTRO
5318025;Caiu em cidade errada. Esperado: IBGE 311230;311230;FISIO CORPUS;-17.2541871216;-42.2927498817;SAO FRANCISCO;205;PLANALTO
5324556;Caiu em cidade errada. Esperado: IBGE 430920;430920;LABORATORIO MUNICIPAL DE GRAVATAI;-30.0067393;-51.1957371;AV BRASIL;1150;SAO GERALDO
5328713;Caiu em cidade errada. Esperado: IBGE 291920;291920;HOSPITAL UNIMED;-12.9054654;-38.3439389;AV SANTO DUMONT;53;ITINGA
5331471;Caiu em cidade errada. Esperado: IBGE 231030;231030;POSTO DE SAUDE DE VILA ISABEL;-6.5371668;-40.7963647;VILA ISABEL;S/N;DISTRITO SEDE
5341167;Caiu em cidade errada. Esperado: IBGE 353760;353760;USAFA NOVA ITARIRI;-24.2917599563;-47.029337883;RUA MARILIA;S/N;NOVA ITARIRI
5345529;Caiu em cidade errada. Esperado: IBGE 412796;412796;MINI POSTO CACHOEIRINHA;-29.9457416;-51.0989724;CACHOEIRINHA;S/N;ZONA RURAL
5346886;Caiu em cidade errada. Esperado: IBGE 510390;510390;ORAL HAPPY;-15.70682;-52.7544;RUA DR JOAO PONCE DE ARRUDA;S/N;CENTRO
5352886;Caiu em cidade errada. Esperado: IBGE 530080;530080;AUTHENTIC FISIO;-15.824175;-47.89038499999999;SHIN CA 05 LOTE B1 BLOCO B1 SALA 101;S/N;LAGO NORTE
5360544;Caiu em cidade errada. Esperado: IBGE 315470;315470;USF FELISBELA RICARDO DE CARVALHO;-21.191;-45.062;RUA F ESQUERDA RUA A;S/N;ENGENHO DE SERRA
5365694;Caiu em cidade errada. Esperado: IBGE 311530;311530;FABIANO MEDEIROS GUIMARAES E CIA LTDA;-21.5367481614;-42.6439154148;RUA MARECHAL DEODORO;21;CENTRO
5390028;Caiu em cidade errada. Esperado: IBGE 220750;220750;PS FELISMINA SOARES RIBEIRO PSF;-5.978;-43.063;LOCALIDADE CASTELO;S/N;CENTRO
5393078;Caiu em cidade errada. Esperado: IBGE 280320;280320;POSTO DE SAUDE DR ALBERTO DE OLIVEIRA FREIRE IPANEMA;-10.9924870155;-37.3028755188;POVOADO MATA DO IPANEMA;S/N;ZONA RURAL
5393116;Caiu em cidade errada. Esperado: IBGE 292140;292140;UNIDADE SATELITE DE ANGICO;-10.6900022;-40.4797697;ANGICO;S/N;RURAL
5397472;Caiu em cidade errada. Esperado: IBGE 432185;432185;UNIDADE DE SAUDE DE AREA INDIGENA;-27.5557644208;-52.7467346191;LINHA CANELEIRA;S/N;INTERIOR
5403995;Caiu em cidade errada. Esperado: IBGE 530180;530180;MEDLABOR TAGUATINGA;-15.8214858;-48.06128169999999;QNA 41 LOTE 9 SUBSOLO SALA 07;0;TAGUATINGA
5407052;Caiu em cidade errada. Esperado: IBGE 291345;291345;UNIDADE DE SAUDE DA FAMILIA DA JULIANA E FEIRA DO RATO;-13.83855;-39.27497;POVOADO DA FEIRA DO RATO;S/N;ZONA RURAL
5416825;Caiu em cidade errada. Esperado: IBGE 291085;291085;UNIDADE BASICA DE SAUDE DA FAMILIA DE PAPAGAIO;-10.6626323294;-40.2868652344;FAZENDA PAPAGAIO;S/N;ZONA RURAL
5421136;Caiu em cidade errada. Esperado: IBGE 530070;530070;ISO OFTALMO CLINICA DA VISAO;-15.8360352;-47.9787662;GUARA II QI 25 LOTE A COBERTURA 04;S/N;GUARA II
5422256;Caiu em cidade errada. Esperado: IBGE 280570;280570;INSTITUTO SAO PEREGRINO;-10.2182166392;-36.8831634521;NOSSA SENHORA DA CONCEICAO;92;POVOADO ALEMANHA
5426030;Caiu em cidade errada. Esperado: IBGE 210535;210535;UBS INDIGENA ALDEIA SIBIRINO;-5.1445822;-45.792682;ALDEIA SIBIRINO;S/N;RESERVA INDIGENA
5428467;Caiu em cidade errada. Esperado: IBGE 317130;317130;PLENAMENTE VICOSA;-20.8456112148;-42.6572918844;DO ROSARIO;1;CENTRO
5431654;Caiu em cidade errada. Esperado: IBGE 530020;530020;DANIELA MUKAI;-15.8255446;-48.0549306;QD 3 BL B SL 3 E 4 SETOR NORTE;1;SETOR NORTE
5438527;Caiu em cidade errada. Esperado: IBGE 290687;290687;FISIO CLIN;-10.8218649;-39.4282444;PRACA 09 DE MAIO;010;NOVO HORIZONTE
5466695;Caiu em cidade errada. Esperado: IBGE 315780;315780;NUCLEO ODONTOLOGICO SANTA LUZIA;-19.890723024;-44.033203125;BRASILIA;1185;SAO BENEDITO
5478391;Caiu em cidade errada. Esperado: IBGE 292260;292260;SAMU NILO PECANHA;-13.600963135;-39.1056632996;RUA 07 DE SETEMBRO;S/N;CENTRO
5496225;Caiu em cidade errada. Esperado: IBGE 330600;330600;PERCEPSER PSICOPEDAGOGIA E PSICOMOTRICIDADE;-21.994401;-42.914317;XV DE NOVEMBRO;402;CENTRO
5502837;Caiu em cidade errada. Esperado: IBGE 530150;530150;MARCIA CRISTINA DA SILVA;-15.8585285;-47.95246299999999;QR 209 CONJ N CASA;31;SANTA MARIA
5504856;Caiu em cidade errada. Esperado: IBGE 140005;140005;UNIDADE BASICA DE SAUDE KOREKOREMA;2.6851737609;-62.2155761719;AV I DE JULHO;S/N;CENTRO
5513391;Caiu em cidade errada. Esperado: IBGE 261500;261500;CASA AZUL TAQUARITINGA DO NORTE;-7.3253;-36.2141;SITIO VARZEA DA ONCA;100;AMORIM
5525632;Caiu em cidade errada. Esperado: IBGE 510183;510183;SECRETARIA MUNICIPAL DE SAUDE DE BOA ESPERANCA DO NORTE;-13.5071450275;-55.151270628;RUA DAS CAMELIAS;S/N;CENTRO
5526485;Caiu em cidade errada. Esperado: IBGE 530090;530090;CLINICA DA CRIANCA;-15.7428487;-47.9015209;SHIS CL QI 09 BL J SALA 201;S/N;LAGO SUL
5526523;Caiu em cidade errada. Esperado: IBGE 530090;530090;CONSULTORIO DE PSICOLOGIA PSICOTERAPIA;-15.835086;-47.8811158;SHIS HPP QI;09;LAGO SUL
5530598;Caiu em cidade errada. Esperado: IBGE 510183;510183;UNIDADE DE REABILITACAO BOA ESPERANCA DO NORTE;-13.5087052;-55.1464076;RUA DAS AZALEIAS;S/N;CENTRO
5530601;Caiu em cidade errada. Esperado: IBGE 510183;510183;EAP LEANDRO CAMARGO OBREGAO;-13.403411692;-54.7538077641;RUA PAVAO;S/N;DISTRITO PARQUE AGUA
5530628;Caiu em cidade errada. Esperado: IBGE 510183;510183;EAP ALBINO FURST;-13.6009839909;-55.015540123;AVENIDA DAS PRIMAVERAS;S/N;DIST DE PIRATININGA
5541352;Caiu em cidade errada. Esperado: IBGE 251593;251593;CASA DE AFETO DE SERTAOZINHO;-6.7549542757;-35.4409879446;RUA JOSE SOARES DE SENA;S/N;CENTRO
5544483;Caiu em cidade errada. Esperado: IBGE 354130;354130;INSTITUTO DE RADIOLOGIA DE PRESIDENTE EPITACIO;-21.7448314051;-52.1145057678;MACEIO;714;CENTRO
5544815;Caiu em cidade errada. Esperado: IBGE 210830;210830;LAB MED;-3.201;-45.051;RUA CELSO MAGALHAES;S/N;CENTRO
5547105;Caiu em cidade errada. Esperado: IBGE 410460;410460;FISIOCLIN CLINICA DE FISIOTERAPIA;-25.749056;-53.612499;RUA CAXAMBU;102;CENTRO
5548349;Caiu em cidade errada. Esperado: IBGE 420230;420230;FARMACIA SUPER POPULAR AREIAS DE BAIXO;-27.399498842;-48.602684051;PAPENBORG;257;TIJUQUINHAS
5551838;Caiu em cidade errada. Esperado: IBGE 510183;510183;FARMACIA CIDADAO SALETE TORRES DE ALMEIDA;-13.5086957;-55.1482091;RUA DAS BROMELIAS;S/N;CENTRO
5551846;Caiu em cidade errada. Esperado: IBGE 510183;510183;UNIDADE MISTA DE BOA ESPERANCA DO NORTE;-13.5071916;-55.151451;RUA DOS CEDROS;S/N;CENTRO
5551900;Caiu em cidade errada. Esperado: IBGE 293105;293105;EMULTI ESTRATEGICA RURAL;-13.3324669;-42.4948798;RUA;S/N;ZONA RURAL
5554314;Caiu em cidade errada. Esperado: IBGE 510183;510183;USF ANATALIO PANISSAN LODI;-13.5070011;-55.1512956;RUA DOS CEDROS;S/N;CENTRO
5556694;Caiu em cidade errada. Esperado: IBGE 330245;330245;SUPERACAO;-21.974608;-42.205242;RUA VILMA MARINI DE SOUZA;167;GLORIA
5557291;Caiu em cidade errada. Esperado: IBGE 150490;150490;POSTO DE SAUDE JOAQUIM ANTONIO;-1.628;-49.751;RIO JOAQUIM ANTONIO;S/N;ZONA RURAL
5557429;Caiu em cidade errada. Esperado: IBGE 150490;150490;POSTO DE SAUDE VILA CANAA;-1.766;-49.777;VILA CANAA;S/N;ZONA RURAL
5561183;Caiu em cidade errada. Esperado: IBGE 510183;510183;CENTRAL DE REGULACAO BOA ESPERANCA DO NORTE;-13.5110744;-55.1466161;RUA DAS CAMELIAS;S/N;CENTRO
5565863;Caiu em cidade errada. Esperado: IBGE 293160;293160;NUCLEO DE SAUDE DA CRIANCA COM TEA TEOLANDIA;-13.601106;-39.489385;RUA QUINTILIANO FERNANDES VIVEIROS;S/N;CENTRO
5569028;Caiu em cidade errada. Esperado: IBGE 350320;350320;AMG SERVICOS MEDICOS;-21.7315791527;-48.111577119;JOSE ZILIOLI;801;JARDIM DAS ROSEIRAS
5581125;Caiu em cidade errada. Esperado: IBGE 150616;150616;POSTO DE SAUDE DA VILA TUPA;-29.9887679;-51.0664646;VILA TUPA;15;RURAL
5582350;Caiu em cidade errada. Esperado: IBGE 530180;530180;CONSORCIO CONSTRUTOR CMT;-15.8067496;-48.0854887;QNL 02 AREA ESPECIAL S N;S/N;TAGUATINGA NORTE
5588618;Fora do Brasil ou no mar;330330;RAIA 283 NITEROI C;-22.90895;-43.1109442;RUA CORONEL MOREIRA CESAR;347;ICARAI
5595193;Caiu em cidade errada. Esperado: IBGE 313460;313460;JABOTICATUBAS POSTO DE SAUDE NOSSA SENHORA AUXILIADORA;-20.4097099;-42.890887;COMUNIDADE DO ACUDE;001;ZONA RURAL
5596092;Caiu em cidade errada. Esperado: IBGE 530180;530180;ODONTOCLINICA MORETI;-15.8647471;-48.0820391;CND 04 LOTE 08 LOJA;04;TAGUATINGA
5598699;Caiu em cidade errada. Esperado: IBGE 412230;412230;FERNANDO UBIRAJARA CINTRA MATTAR;-26.106;-49.798;LAGEADO DOS VIEIRAS;S/N;INTERIOR
5601401;Caiu em cidade errada. Esperado: IBGE 530090;530090;ACADEMIA BELISSIMAS;-15.791168;-47.8796318;SHI SUL CL QI 09 BLOCO B SALAS 201 A 207;S/N;LAGO SUL
5601711;Caiu em cidade errada. Esperado: IBGE 310400;310400;CEREST CENTRO DE REFERENCIA EM SAUDE DO TRABALHADOR;-19.3531487;-47.2928502;PRACA GOVERNADOR VALADARES;463;CENTRO
5609283;Caiu em cidade errada. Esperado: IBGE 330180;330180;CENTRO MUNICIPAL DE FISIOTERAPIA E FONOAUDIOLOGIA;-22.33;-43.404;ESTR RJ 121;18017;MORRO AZUL
5617197;Caiu em cidade errada. Esperado: IBGE 231380;231380;UNIDADE BASICA DE SAUDE CANTO ESCURO;-3.64082;-39.44944;LOCALIDADE DO CANTO ESCURO;S/N;CANTO ESCURO
5623375;Caiu em cidade errada. Esperado: IBGE 315780;315780;CLINICA NAVITA;-19.2281767378;-44.208984375;PARA;977;ASTECA SAO BENEDITO
5623634;Caiu em cidade errada. Esperado: IBGE 521860;521860;CEO CENTRO DE ESPECIALIDADES ODONTOLOGICA DE RIALMA;-15.3160028467;-49.5810861869;RUA 8;84;CENTRO
5631300;Caiu em cidade errada. Esperado: IBGE 530130;530130;CLINICA ODONTOLOGICA J R;-15.7081513;-47.9146952;QUADRA 308 CONJUNTO;01;RECANTO DAS EMAS
5638933;Caiu em cidade errada. Esperado: IBGE 355280;355280;OFTALMOMED CLINICA DE OLHOS LTDA;-23.6428600939;-46.8059599755;ESTRADA KIZAEMON TAKEUTI;3307;PARQUE SAO JOAQUIM
5642116;Caiu em cidade errada. Esperado: IBGE 150520;150520;ES ANAUERA;-2.21148;-49.81462;RIO ANAUERA;999;MEIO RURAL
5656788;Caiu em cidade errada. Esperado: IBGE 520890;520890;CAPS DR ADERSON CAVALCANTE COELHO;-16.1795575;-50.7848064;RUA JOAQUIM ALVES DE CASTRO;01;JOAO FRANCISCO
5662516;Caiu em cidade errada. Esperado: IBGE 520753;520753;UNIDADE BASICA DE SAUDE DE CAICARA;-15.5145587698;-50.1155090332;PRACA ANA VALIN;S/N;DISTRITO DE CAICARA
5666848;Fora do Brasil ou no mar;420600;CENTRAL DE REGULACAO DE SERVICOS DE SAUDE;-27.31752;-48.56205;RODOVIA FRANCISCO WOLLINGER;S/N;CALHEIROS
5686482;Caiu em cidade errada. Esperado: IBGE 291350;291350;ASSENTAMENTO MARCHA BRASIL;-14.2576;-39.94857;FAZENDA MARCHA BRASIL;00;ZONA RURAL
5691966;Caiu em cidade errada. Esperado: IBGE 530180;530180;OPEN CLINICA ODONTOLOGICA;-15.8104084;-48.0610733;CSB 02 LOTES;S/N;TAGUATINGA
5701112;Caiu em cidade errada. Esperado: IBGE 291390;291390;ESPACO ODONTO;-14.13843;-39.73612;RUA MARECHAL FLORIANO PEIXOTO;127;CENTRO
5716071;Caiu em cidade errada. Esperado: IBGE 311940;311940;BIGVALE DROGARIA AMARO LANARI;-19.53245;-42.57393;AVENIDA BRASILIA;2355;AMARO LANARI
5716519;Caiu em cidade errada. Esperado: IBGE 120060;120060;UNIDADE ODONTOLOGICA MOVEL DE TARAUACA;-8.3712345;-70.3712345;RUA JUSTINIANO DE SERPA;129;CENTRO
5719062;Caiu em cidade errada. Esperado: IBGE 290790;290790;POSTO SATELITE DE SAUDE JUSTINIANO FRANCISCO DOS REIS;-11.6;-38.5;FAZENDA ITAPICURU;S/N;ZONA RURAL
5731658;Caiu em cidade errada. Esperado: IBGE 260400;260400;POSTO DE SAUDE NOSSA SENHORA APARECIDA;-8.0757858;-39.1270494;TRAVESSA 3 NOSSA S APARECIDA;63;SANTO ANTONIO
5733367;Caiu em cidade errada. Esperado: IBGE 354130;354130;LACPE;-21.7296831925;-52.1241188049;RUA ANTONIO VENANCIO LOPES;506;CENTRO
5738202;Caiu em cidade errada. Esperado: IBGE 250320;250320;REDEPHARMA MANAIRA SHOPPING;-7.0991892181;-34.8475331068;GOVERNADOR FLAVIO RIBEIRO COUTINHO;220;PARQUE VERDE
5745004;Caiu em cidade errada. Esperado: IBGE 412480;412480;SMANIOTTO CLINICA MEDICA LTDA;-25.6811373357;-51.7346191406;SAO MIGUEL;386;CENTRO
5751640;Caiu em cidade errada. Esperado: IBGE 210920;210920;CENTRO DE ESPECIALIDADES DE PRESIDENTE JUSCELINO;-2.924015;-44.063989;RUA ANTONIO BAYMA;S/N;CENTRO
5756669;Caiu em cidade errada. Esperado: IBGE 354130;354130;DIOGO P FURUE CONSULTORIO MEDICO;-21.7359021256;-52.1335601807;R PERNAMBUCO;282;VL SAO LUIZ
5771358;Caiu em cidade errada. Esperado: IBGE 290620;290620;CENTRO DE ESPECIALIDADES DE CANARANA;-11.6790088119;-41.770427227;SEDE;S/N;CENTRO
5786649;Caiu em cidade errada. Esperado: IBGE 280320;280320;POLICLINICA ITAPORANGA;-10.997373;-37.306813;PADRE EVERALDO DE LIMA;222;CENTRO
5788374;Caiu em cidade errada. Esperado: IBGE 290990;290990;UNIDADE DE SAUDE DA FAMILIA DE RIACHO SECO II;-8.9889589776;-39.9081158638;DISTRITO DE RIACHO SECO;2;RURAL
5791944;Caiu em cidade errada. Esperado: IBGE 130390;130390;UBSI TUPI II;-4.1437219075;-69.4610595703;COMUNIDADE TUPI II;S/N;ZONA RURAL
5792916;Caiu em cidade errada. Esperado: IBGE 211070;211070;UNIDADE BASICA DE SAUDE DA LAGOA NOVA;-5.3036;-44.245807;POVOADO LAGOA NOVA;S/N;POVOADO
5794919;Caiu em cidade errada. Esperado: IBGE 315780;315780;TORRES ODONTOLOGIA;-19.7928719608;-43.9346694946;BRASILIA;1336;DUQUESA I SAO BENED
5800048;Caiu em cidade errada. Esperado: IBGE 240375;240375;INSTITUTO SEMEANDO O FUTURO;-5.6961243888;-36.5290313959;RUA JANUARIO DA CRUZ;019;CENTRO
5802075;Fora do Brasil ou no mar;241420;UBS PIPA II;-6.228066;-35.053949;RUA PROJETADA;S/N;PRAIA DE PIPA
5815207;Caiu em cidade errada. Esperado: IBGE 220810;220810;CENTRAL MUNICIPAL DE REDE DE FRIOS DE PIMENTEIRAS;-6.623916;-41.41891;RUA LANDRI SALES;S/N;CENTRO
5832810;Caiu em cidade errada. Esperado: IBGE 290990;290990;UNIDADE DE SAUDE DA FAMILIA DE RIACHO SECOII;-8.9889589776;-39.9081158638;DISTRITO DE RIACHO SECO;2;RURAL
5835429;Caiu em cidade errada. Esperado: IBGE 130330;130330;POSTO DE SAUDE INDIGENA IGARAPE PRETO;-5.44265;-60.71715;ALDEIA IGARAPE PRETO;S/N;ZONA RURAL
5837243;Fora do Brasil ou no mar;420600;POLICLINICA CALHEIROS;-27.317551;-48.562134;AV BELA VISTA;S/N;CALHEIROS
5841976;Caiu em cidade errada. Esperado: IBGE 293010;293010;CENTRAL DE REGULACAO MEDICA DAS URGENCIAS SR DO BONFIM;-10.3037936541;-40.1685261726;RODOVIA LOMANTO JUNIOR;100;KM 307
5850118;Caiu em cidade errada. Esperado: IBGE 312360;312360;SARAVIDAS;-21.58;-45.529999;SITIO BELA VISTA;S/N;ZONA RURAL
5856264;Caiu em cidade errada. Esperado: IBGE 530180;530180;FLUXUS;-15.8238669;-48.0668885;QNC AE 08 09 10 UNIDADE AUTONOMA;2;TAGUATINGA
5857007;Fora do Brasil ou no mar;290340;ESF 8 JOAO CARLOS MATTOS DE PAULA;-15.328;-38.916;RODOVIA BELMONTE BARROLANDIA KM 30;S/N;BARROLANDIA
5857082;Caiu em cidade errada. Esperado: IBGE 330330;330330;G C A SERVICOS MEDICOS;-22.8233414;-43.37863050000001;RUA CORONEL MOREIRA CESAR;160;ICARAI
5878306;Caiu em cidade errada. Esperado: IBGE 410150;410150;LITOCLINICA DE ARAPONGAS;-23.3752509;-51.4620089;PR 218;S/N;JD UNIVERSITARIO
5880319;Caiu em cidade errada. Esperado: IBGE 412575;412575;PE DE PANO ECOCENTRO;-24.984978;-53.893012;SAO PAULO;S/N;ZONA RURAL
5891183;Caiu em cidade errada. Esperado: IBGE 520140;520140;CLINICA DE OLHOS DE APARECIDA DE GOIANIA;-16.742537;-49.277629;AVENIDA RIO VERDE;S/N;VILA SAO TOMAZ
5907136;Caiu em cidade errada. Esperado: IBGE 291820;291820;UNIDADE DE SAUDEDA FAMILIA SATELITE ANGELO LUCIO ALVES;-13.2943717;-39.5400095;BOM JESUS;00;ZONA RURAL
5915767;Caiu em cidade errada. Esperado: IBGE 210020;210020;POSTO DE SAUDE DO PORTO NOVO;-23.6978577;-45.4333307;POVOADO PORTO NOVO;S/N;PORTO NOVO
5944775;Fora do Brasil ou no mar;270930;SAUDE NA HORA;-9.48775;-35.38378;UNIAO DOS PALMARES;S/N;CENTRO
5951593;Caiu em cidade errada. Esperado: IBGE 310285;310285;VIGILANCIA SANITARIA MUNICIPAL DE ANGELANDIA;-17.4337695;-42.161527528;RUA GENEROSO ALVES GUIMARAES;38;CENTRO
5959527;Caiu em cidade errada. Esperado: IBGE 314760;314760;SANTOS ARAUJO SERVICOS MEDICOS LTDA;-22.8177191086;-45.2029806916;ARGEMIRO DOS SANTOS FILHO;170;CHACARA SELLES
5959713;Caiu em cidade errada. Esperado: IBGE 110015;110015;FISIOFORMA;-10.4297723058;-62.1259210129;RONDONIA;2126;SETOR 04
5963397;Caiu em cidade errada. Esperado: IBGE 160080;160080;ODONTO MED;-0.0847;-51.06417;AVENIDA VEIGA CABRAL;345;JARDIM FELICIDADE
5963893;Caiu em cidade errada. Esperado: IBGE 150210;150210;UNIDADE BASICA DE SAUDE DE LARANJAL;-2.5154683562;-49.5398211479;DISTRITO DE JUABA;S/N;ZONA RURAL
5964792;Fora do Brasil ou no mar;431560;SEDARE;-32.0362680281;-52.1079284865;AV PELOTAS;77;CIDADE NOVA
5973201;Caiu em cidade errada. Esperado: IBGE 291390;291390;CLINICA MEDICA GINECOLOGIA IPIAU;-14.13833;-39.73652;RUA MARECHAL FLORIANO PEIXOTO;188;CENTRO
5983193;Caiu em cidade errada. Esperado: IBGE 315780;315780;LABORATORIO VIVACE;-19.7944871538;-43.9381027222;BRASILIA;506;DUQUESA I SAO BENED
5988462;Caiu em cidade errada. Esperado: IBGE 230030;230030;UBS VILA LUNA MANOEL JOAQUIM FILHO;-6.975158;-39.369198;VILA LUNA;S/N;ZONA RURAL
5991609;Caiu em cidade errada. Esperado: IBGE 293160;293160;UNIDADE ODONTOLOGICA MOVEL UOM TEOLANDIA;-13.6062396279;-39.4894337654;RUA QUINTILIANO FERNANDES VIVEIROS;S/N;CENTRO
5994403;Caiu em cidade errada. Esperado: IBGE 310160;310160;FISICARD;-21.29;-45.25;BIAS FORTES;542;CENTRO
5999448;Caiu em cidade errada. Esperado: IBGE 521975;521975;FABIANA ODONTOLOGIA;-15.9373344605;-48.2594847679;QUADRA 54 LOTE;17;CENTRO
6003281;Caiu em cidade errada. Esperado: IBGE 291750;291750;MEDIMAGEM JACOBINA;-10.9414656725;-40.4176926613;PRACA RUI BARBOSA;252;CENTRO
6007929;Caiu em cidade errada. Esperado: IBGE 520140;520140;SORRIDENTE ODONTOLOGIA;-16.7466516;-49.3004555;AV RIO VERDE;S/N;SETOR DOS AFONSOS
6009344;Caiu em cidade errada. Esperado: IBGE 420425;420425;VIGILANCIA EPIDEMIOLOGICA COCAL DO SUL;-28.68177;-49.38267;RUA ANGELO PERUCHI;30;CENTRO
6015794;Caiu em cidade errada. Esperado: IBGE 291390;291390;CENTRO DE ESPECIALIDADES ODONTOLOGICAS DE IPIAU;-14.12984;-39.75234;RUA 02 DE DEZEMBRO;S/N;02 DE DEZEMBRO
6018629;Caiu em cidade errada. Esperado: IBGE 150140;150140;PEDRO ANDRE ALVES DE QUEIROZ;-1.346436;-48.3986085;CJ C NOVA VI WE 65;302;COQUEIRO
6022782;Caiu em cidade errada. Esperado: IBGE 520140;520140;PADRAO LABORATORIO CLINICO;-16.74318;-49.27807;RIO VERDE C AV DONA MARIA CARDOSO;S/N;VILA SAO TOMAS
6048617;Caiu em cidade errada. Esperado: IBGE 530020;530020;JURANDIR AUGUSTO DE ARAUJO ALVES;-15.7975154;-47.89188739999999;SCDN BLOCO G LOJA;02;BRAZLANDIA
6088511;Caiu em cidade errada. Esperado: IBGE 522020;522020;GIOVANA NUNES HARDY;-13.475;-50.6363;RUA 07;S/N;CENTRO
6150977;Caiu em cidade errada. Esperado: IBGE 351370;351370;CONSULTORIO MEDICO DR ADILSON RENESTO DESCALVADO;-22.0125486;-47.9033514;RUA XV DE NOVEMBRO;732;CENTRO
6152260;Fora do Brasil ou no mar;211100;UBS DA SEDE PSFSB;-2.573598;-44.474235;CENTRO;S/N;CENTRO
6157041;Caiu em cidade errada. Esperado: IBGE 211400;211400;POSTO DE SAUDE DA VITORIA DA CONQUISTA;-14.8577988;-40.8400759;VITORIA DA CONQUISTA;S/N;VITORIA DA CONQUISTA
6157602;Caiu em cidade errada. Esperado: IBGE 150140;150140;EMERSON MARCAL DE LIMA;-1.3531976;-48.4065488;TV SN 17;161;COQUEIRO
6159508;Caiu em cidade errada. Esperado: IBGE 530180;530180;REUMATEXT;-15.8472972;-48.0473518;QS 05 EPTC LOTE;01;AGUAS CLARAS
6162355;Caiu em cidade errada. Esperado: IBGE 500124;500124;POSTO DE SAUDE GENI GUINZANI;-22.5652351227;-55.374956131;VITORIO QUINTANILHA;S/N;VILA SAO LUIS
6169236;Caiu em cidade errada. Esperado: IBGE 150140;150140;OCILENE BRABO COELHO;-1.3622164;-48.4065469;TV WE 29;61;COQUEIRO
6181821;Caiu em cidade errada. Esperado: IBGE 520740;520740;VIGILANCIA SANITARIA;-17.1934;-49.5521;AV WASHINGTON LUIZ;S/N;CENTRO
6183360;Caiu em cidade errada. Esperado: IBGE 312770;312770;SAVIS SOCIEDADE DE ANESTESIOLOGIA;-18.9374644296;-42.4401855469;DOM PEDRO II;541;CENTRO
6188397;Caiu em cidade errada. Esperado: IBGE 210960;210960;UBS DO PARAISO;-2.9913017;-44.3509733;POVOADO ZE PEDRO;S/N;POVOADO PARAISO
6188656;Caiu em cidade errada. Esperado: IBGE 355400;355400;EQUUS VITA EQUOTERAPIA REGINA XAVIER SOARES TATUI SP;-23.236127;-47.590627;SP 129 KM 02;S/N;PEDERNEIRAS
6197914;Caiu em cidade errada. Esperado: IBGE 150140;150140;OCILENE BRABO COELHO;-1.3622164;-48.4065469;TV WE 29;061;COQUEIRO
6203388;Caiu em cidade errada. Esperado: IBGE 316850;316850;CONSULTORIO DRA BEATRIZ;-20.736038;-42.848581;R SANTO ANTONIO;12;CENTRO
6204090;Caiu em cidade errada. Esperado: IBGE 500500;500500;CLINICA JARDIM;-21.291;-56.826;RUA MARECHAL RONDON;S/N;CENTRO
6216617;Caiu em cidade errada. Esperado: IBGE 510060;510060;LABORATORIO TAQUARI;-29.7955576;-51.8666029;RUA VER ITAMIR MARTINS CARDOSO;204;CENTRO
6217273;Caiu em cidade errada. Esperado: IBGE 292200;292200;PHARMA SERVICOS FARMACEUTICOS;-17.5481862;-39.7428965;AV PADRE ANCHIETA;864;SAO LOURENCO
6224067;Caiu em cidade errada. Esperado: IBGE 270440;270440;USF JOSE HERMINIO AMARAL NETO;-9.2756221768;-37.79296875;TRAVESSA TRIBUTINO WANDERLEY;S/N;FATIMA
6235751;Caiu em cidade errada. Esperado: IBGE 330440;330440;CENTRO DE SAUDE DO ERMO;-22.9012249;-43.1791747;SERTAO DO MACHADO;S/N;SAO JOAO MARCOS
6247253;Caiu em cidade errada. Esperado: IBGE 431780;431780;CAROLINA REBESQUINI TEIXEIRA;-27.859;-53.377;SANTO AUGUSTO;156;CENTRO
6253431;Caiu em cidade errada. Esperado: IBGE 280110;280110;SECRETARIA MUN DE SAUDE DE CANHOBA;-10.2315;-36.9859;AV GOV ERONILDES FERREIRA DE CARVALHO;S/N;CENTRO
6255809;Caiu em cidade errada. Esperado: IBGE 150405;150405;UNIDADE DE SAUDE DA FAMILIA FRANCISCO FLOR FILHO;-2.10443848;-47.3775100708;COMUNIDADE DA PONTE NOVA;S/N;ZONA RURAL
6255892;Caiu em cidade errada. Esperado: IBGE 530090;530090;IPSO;-15.8480287;-47.8853706;SHIS QI 15 BL G CONSULTORIO;03;BRASILIA
6256783;Caiu em cidade errada. Esperado: IBGE 410650;410650;CLINICA DE ORTOPEDIA DR IVAN ZUCONELLI;-25.5848;-52.345;RUA DR FRANCISCO BELTRAO;23;CENTRO
6260055;Caiu em cidade errada. Esperado: IBGE 230430;230430;POSTO DE SAUDE DE BARAUNAS;-6.87755;-39.45824;SITIO BARAUNASS;S/N;ZONA RURAL
6275524;Caiu em cidade errada. Esperado: IBGE 431010;431010;PIPER SERVICOS MEDICOS;-29.6448915;-50.7769591;EMILIO LUCIO ESTEVES;877;CENTRO
6301355;Caiu em cidade errada. Esperado: IBGE 310630;310630;LABORATORIO EXAME;-19.8795589;-44.010107;AL CRUZ SOUZA;500;ALEX MULLER
6303021;Caiu em cidade errada. Esperado: IBGE 270210;270210;UNIDADE BASICA DE SAUDE BELO JARDIM;-8.9083699235;-35.722990036;LOTEAMENTO JARDIM;S/N;CENTRO
6312659;Fora do Brasil ou no mar;421250;UNIDADE BASICA DE SAUDE PRAIA GRANDE;-26.783115;-48.60025359999999;AV SAO JOAO;S/N;PRAIA GRANDE
6314597;Caiu em cidade errada. Esperado: IBGE 520890;520890;WALERIA CANDIDA DA SILVA ASSIS;-16.333747;-48.9302471;RUA 04 QD09 LT 17;1;JARDIM VILA BOA
6321828;Caiu em cidade errada. Esperado: IBGE 241410;241410;LACMED;-6.2806;-38.1046;RUA JOSE MOREIRA DO NASCIMENTO;364;CENTRO
6343449;Caiu em cidade errada. Esperado: IBGE 430692;430692;UNIDADE DE SAUDE INDIGENA DE ENGENHO VELHO;-27.6;-52.989;ALDEIA BELA VISTA;S/N;INTERIOR
6345425;Caiu em cidade errada. Esperado: IBGE 270210;270210;UNIDADE BASICA DE SAUDE JOSE ADAMOR;-8.9089422916;-35.7232046127;LOTEAMENTO MARIA LOUREIRO CAVALCANTE;S/N;CENTRO
6354769;Caiu em cidade errada. Esperado: IBGE 251220;251220;UNIDADE AUTORIZADORA DE TFD INTERMUNICIPAL;-7.3758352;-36.9488174;RUA MINISTRO JOSE AMERICO;S/N;CENTRO
6360904;Caiu em cidade errada. Esperado: IBGE 330180;330180;POSTO DE SAUDE DA BORRACHA;-22.549749;-43.6776274;RUA E;102;BORRACHA
6362702;Caiu em cidade errada. Esperado: IBGE 292925;292925;UNIDADE SATELITE DE CURRALINHO;-11.2569997;-41.8229431;POVOADO DE CURRALINHO;S/N;ZONA RURAL
6363210;Caiu em cidade errada. Esperado: IBGE 351630;351630;SECRETARIA MUNICIPAL DE SAUDE DE FRANCISCO MORATO;-23.302688;-46.735053;NOVO PACO PRACA DA LIBERDADE;10;JD SINOBE
6372198;Caiu em cidade errada. Esperado: IBGE 354130;354130;CLINICA FISIOACUS;-21.682633835;-52.1019744873;RUA VITORIA;851;CENTRO
6372732;Fora do Brasil ou no mar;420600;S M S DE GOVERNADOR CELSO RAMOS;-27.317357;-48.562175;RODOVIA SC 410 KM 14;S/N;CALHEIROS
6375561;Caiu em cidade errada. Esperado: IBGE 292925;292925;UNIDADE SATELITE DE GABRIELZINHO;-11.2569997;-41.8229431;RUA;S/N;POVOADO
6386024;Caiu em cidade errada. Esperado: IBGE 310040;310040;SECRETARIA MUNICIPAL DE SAUDE DE ACAIACA;-20.341443;-43.134859;AVENIDA EZEQUIEL MACHADO;258;CENTRO
6386814;Caiu em cidade errada. Esperado: IBGE 250855;250855;SECRETARIA MUNICIPAL DE SAUDE FRANCISCO FERNANDES DA COSTA;-6.6169288014;-35.440993309;RUA CLAUDIONOR PEREIRA DOS SANTOS;1;CENTRO
6391303;Caiu em cidade errada. Esperado: IBGE 241410;241410;DEPARTAMENTO MUNICIPAL DE SAUDE;-6.2801;-38.1042;RUA MARIA ARLINDA;39;CENTRO
6395953;Caiu em cidade errada. Esperado: IBGE 230426;230426;CENTRAL DE AGENDAMENTOS E CONSULTAS ESPECIALIZADAS;-5.8168688801;-39.3677813768;RUA ALVARO RICARTE;S/N;CENTRO
6401376;Caiu em cidade errada. Esperado: IBGE 241110;241110;UNIDADE BASICA DE SAUDE FRANCISCO DAS CHAGAS;-5.9041362;-35.9437922;SITIO MALHADA GRANDE;S/N;ZONA RURAL
6406076;Caiu em cidade errada. Esperado: IBGE 312160;312160;CENTRAL DE REGULACAO MACRO JEQUITINHONHA;-16.433269;-41.00372770000001;PRACA DA ALVORADA;S/N;POLIVALENTE
6408745;Caiu em cidade errada. Esperado: IBGE 314800;314800;FARMACIA POPULAR;-19.3109523;-46.0472419;PRACA DESEMBARGADOR FREDERICO;21;CENTRO
6414354;Caiu em cidade errada. Esperado: IBGE 311783;311783;UBS ANDRE FERNANDES DE SOUZA;-15.16357;-44.33281;SAO JOSE DE MACAUBAS;S/N;ZONA RURAL
6422721;Caiu em cidade errada. Esperado: IBGE 290520;290520;POSTO DE SAUDE DE CAMPINAS;-22.9099384;-47.0626332;POVOADO DE CAMPINAS;25;DISTRITO
6423515;Caiu em cidade errada. Esperado: IBGE 270210;270210;CLINICA SANTA MARIA;-8.909;-35.725;RUA PADRE FRANCISCO;590;CENTRO
6426565;Fora do Brasil ou no mar;251190;SECRETARIA MUNICIPAL DE SAUDE;-7.472109;-34.806635;RUA BOA VISTA;1431;CENTRO
6430295;Caiu em cidade errada. Esperado: IBGE 291830;291830;SECRETARIA MUNICIPAL DE SAUDE;-14.01034;-39.53202;RUA HORMINIO RIOS;02;CENTRO
6461247;Caiu em cidade errada. Esperado: IBGE 230030;230030;UNIDADE BASICA DE SAUDE VILA ESPERANCA II;-23.4016731;-51.9434669;VILA ESPERANCA;S/N;VILA ESPERANCA
6467989;Caiu em cidade errada. Esperado: IBGE 280560;280560;UNIDADE BASICA DE SAUDE ANTONIO LOUREIRO FEITOSA;-9.6439288839;-36.6808176041;LAGOA DO RANCHO;S/N;CENTRO
6468357;Caiu em cidade errada. Esperado: IBGE 251597;251597;SECRETARIA MUNICIPAL DE SAUDE DE SOBRADO;-7.143207;-35.237222;RUA MANOEL DE SALES;S/N;CENTRO
6475264;Caiu em cidade errada. Esperado: IBGE 354670;354670;ADRIANA NEGRETTI CRUZ CAMPANA;-22.4216344;-47.555881;RUA 1;915;CENTRO
6479510;Caiu em cidade errada. Esperado: IBGE 150304;150304;CENTRO DE REGULACAO DE FLORESTA DO ARAGUAIA;-8.05235;-50.01599;RUA 03;884;CENTRO
6493025;Caiu em cidade errada. Esperado: IBGE 420545;420545;UBS SANTA TEREZINHA;-29.2255193676;-49.8298430443;ESTRADA GERAL;S/N;SANTA TEREZINHA
6493718;Caiu em cidade errada. Esperado: IBGE 410180;410180;SERVICO DE RADIODIAGNOSTICO DE ARAUCARIA;-25.4139382;-49.3124195;AVENIDA MANOEL RIBAS;3600;CENTRO
6494781;Caiu em cidade errada. Esperado: IBGE 312770;312770;POSTO DE SAUDE CAPOEIRAO;-20.1262809;-45.55701430000001;ESTRADA DO BERNARDO;S/N;ZONA RURAL
6495494;Caiu em cidade errada. Esperado: IBGE 312770;312770;RINARA DE MAGALHAES COELHO;-18.9374644296;-41.9018554688;JOAO PINHEIRO;599;ESPLANADA
6499759;Fora do Brasil ou no mar;292740;INTRANS;-13.0146139669;-38.488047123;RUA ITATUBEBA;20;PARQUE BELA VISTA
6502431;Caiu em cidade errada. Esperado: IBGE 290490;290490;BELODONTO;-12.6748443;-39.1000082;PRACA DR MILTON;09;CENTRO
6511163;Caiu em cidade errada. Esperado: IBGE 312870;312870;ANGELO JOSE DE LARA CONSULTORIO MEDICO;-18.9208311;-48.2729259;RUA EDUARDO DE OLIVEIRA;123;CENTRO
6512194;Caiu em cidade errada. Esperado: IBGE 314585;314585;CONSULTORIO ODONTOLOGICO DR GIOVANI DE LANNA LIMA;-20.519965;-42.778015;RUA SAO PEDRO;S/N;CENTRO
6513409;Caiu em cidade errada. Esperado: IBGE 210550;210550;UNIDADE BASICA DE SAUDE ANTONIO FERREIRA FERRO;-5.233657;-47.204095;POVOADO CAMPEMBA DAGUA;1000;ZONA RURAL
6513484;Caiu em cidade errada. Esperado: IBGE 261440;261440;ESF PELO SINAL;-7.63052;-37.652572;POVOADO DE PELO SINAL;100;ZONA RURAL
6514073;Caiu em cidade errada. Esperado: IBGE 310630;310630;LABORATORIO EXAME;-19.9286052;-43.9243959;RUA PEDRO HONORIO DE CARVALHO;147;CENTRO
6515002;Caiu em cidade errada. Esperado: IBGE 310180;310180;SECRETARIA MUNICIPAL DE SAUDE DE ALPERCATA;-18.564982;-41.571243;RUA JOAO MASSARIOL;55;VILA EUGENIO FRANKLI
6525768;Caiu em cidade errada. Esperado: IBGE 352450;352450;COORDENADORIA MUNICIPAL DE SAUDE DA JACI;-20.53036;-49.34116;RUA XV DE NOVEMBRO;614;CENTRO
6543650;Caiu em cidade errada. Esperado: IBGE 421020;421020;SECRETARIA MUNICIPAL DE SAUDE;-26.7933121;-49.2956375;RUA JOAQUIM SILVEIRA;90;CENTRO
6553389;Caiu em cidade errada. Esperado: IBGE 241410;241410;UNIDADE PROJETO CRESCER;-6.2856;-38.1037;PROJETO CRESCER;104;PROJETO CRESCER
6559859;Caiu em cidade errada. Esperado: IBGE 291950;291950;FARMACIA BASICA;-13.3941284213;-41.5033435822;PRACA DOM HELIO PASCHOAL;46;CENTRO
6565948;Caiu em cidade errada. Esperado: IBGE 210640;210640;CLINICA DE SAUDE DA FAMILIA MARIANO HENRIQUE GUIMARAES;-3.6499177;-43.3812538;POV ANAZASAL;S/N;POVOADO
6567754;Caiu em cidade errada. Esperado: IBGE 290300;290300;USF ANTONIO MARTINS MENDES DE MILAGRES;-12.0307343;-41.0008441;POVOADO DE MILAGRES;S/N;MILAGRES
6571662;Caiu em cidade errada. Esperado: IBGE 290070;290070;REDESAUDE COOPERATIVA DE TRABALHO;-12.6096428;-38.3055585;RUA DONA SANTA;212;CENTRO
6586449;Caiu em cidade errada. Esperado: IBGE 291540;291540;PSF MARIA DA GLORIA SAMPAIO LIMA;-15.83098;-39.432774;RUA EUNAPIO PEUTIER DE QUEIROS;S/N;CENTRO
6588867;Caiu em cidade errada. Esperado: IBGE 292550;292550;VIEP PRADO;-17.1022288;-39.5628307;RODOVIA PRADO ITAMARAJU KM 01;S/N;SAO SEBASTIAO
6592872;Caiu em cidade errada. Esperado: IBGE 317150;317150;SECRETARIA MUNICIPAL DE SAUDE;-18.573532;-41.915066;PRACA GETULIO VARGAS;87;CENTRO
6599559;Caiu em cidade errada. Esperado: IBGE 280030;280030;COMPAJAF;-10.977215;-37.10922;RUA 37;1501;SANTA MARIA
6600891;Fora do Brasil ou no mar;150180;POSTO DE SAUDE SAO TOME;-22.9068467;-43.1728965;RIO JEJUTEUA;S/N;RURAL
6601243;Caiu em cidade errada. Esperado: IBGE 150180;150180;POSTO DE SAUDE FLORIANO GONCALVES;-1.4755413088;-50.7820271591;RIO TAJAPURU;S/N;RURAL
6608485;Caiu em cidade errada. Esperado: IBGE 311360;311360;CONSULTORIO DE FISIOTERAPIA E ACUPUMTURA E PILATES;-22.041154;-45.696033;AVENIDA FERNAO DIAS;170;NOVO HORIZONTE
6614779;Fora do Brasil ou no mar;431560;ALBA VARELLA;-32.0307939332;-52.0920536577;TRAVESSA DO AFONSO;048;CENTRO
6616240;Caiu em cidade errada. Esperado: IBGE 260650;260650;PSF SAO PAULO;-9.4;-36.846;RUA 7 DE SETEMBRO;S/N;CENTRO
6630200;Caiu em cidade errada. Esperado: IBGE 160010;160010;PM APA UBS AMAPA GRANDE;2.1636205784;-50.8971691132;COMUNIDADE DO AMAPA GRANDE;S/N;ZONA RURAL
6637914;Caiu em cidade errada. Esperado: IBGE 210510;210510;APAE DE ICATU;-2.776;-44.066;RUA JOAQUIM ITAPARY;S/N;CENTRO
6642128;Fora do Brasil ou no mar;430003;SMSAS ACEGUA;-31.8682460394;-54.1650223732;AVENIDA INTERNACIONAL;321;BELA VISTA
6642659;Caiu em cidade errada. Esperado: IBGE 230440;230440;TARCISIO NELIO PAIVA DE LIMA;-3.870738;-38.586728;AV SETE DE SETEMBRO;24;PAJUCARA
6653065;Caiu em cidade errada. Esperado: IBGE 311940;311940;LABORATORIO VILA RICA;-19.489515;-42.525794;BRASIL;25;SANTA CRUZ
6653782;Caiu em cidade errada. Esperado: IBGE 211105;211105;UNIDADE DE SAUDE DA FAMILIA ADONIRAM CASTRO;-6.5246352886;-47.3562024856;RUA BELA VISTA;01;VILA SOCORRO
6668860;Caiu em cidade errada. Esperado: IBGE 311940;311940;ESPACO ODONTOLOGICO;-19.53279;-42.62221;RUA JOSE CORNELIO;150;CENTRO
6676464;Caiu em cidade errada. Esperado: IBGE 240040;240040;CENTRAL DE REGULACAO DE SERVICOS DE SAUDE;-6.121443300000001;-38.2047118;NOSSA SENHORA DE FATIMA;22;CENTRO
6703380;Caiu em cidade errada. Esperado: IBGE 330330;330330;CALL;-22.8233414;-43.37863050000001;RUA CORONEL MOREIRA CESAR;160;ICARAI
6707696;Caiu em cidade errada. Esperado: IBGE 421420;421420;CLINICA MEDICA DIANA;-26.768194;-53.1800326;AV CORONEL BERTASO;S/N;CENTRO
6734383;Caiu em cidade errada. Esperado: IBGE 210220;210220;USF DE VILA PITOMBEIRA;-3.82884;-42.77334;POV VILA PITOMBEIRA;S/N;POVOADO
6735088;Caiu em cidade errada. Esperado: IBGE 430310;430310;DANIEL ULLMANN ROCHADEL;-29.9955915;-51.05856319999999;FLORES DA CUNHA;580;VILA MARCIA
6759351;Caiu em cidade errada. Esperado: IBGE 354440;354440;LABORATORIO DE PROTESE DENTARIA DE RUBIACEA;-21.2498685;-50.6511341;RUA FRANCISCO DE PAULA LEITE NOGUEIRA;208;CENTRO
6763332;Caiu em cidade errada. Esperado: IBGE 330330;330330;BARROSO E BRUNO ODONTOLOGIA;-22.8242633;-43.3787567;RUA CORONEL MOREIRA CESAR;75;ICARAI
6764533;Caiu em cidade errada. Esperado: IBGE 120020;120020;POSTO DE SAUDE BURITIRANA;-7.725429421;-72.7308440208;RAMAL DA BURITIRANA;S/N;VILA SAO PEDRO
6774210;Caiu em cidade errada. Esperado: IBGE 330180;330180;SECRETARIA MUNICIPAL DE SAUDE ENGENHEIRO PAULO DE FRONTIN;-22.5499371391;-43.6778211594;ESTRADA DE SACRA FAMILIA;1795;AGUADA
6785492;Caiu em cidade errada. Esperado: IBGE 270210;270210;NASF LEOPOLDINENSE;-8.909;-35.725;PRACA DOM PEDRO II;S/N;CENTRO
6795404;Caiu em cidade errada. Esperado: IBGE 412760;412760;ESTHETIC FISIO CLINICA DE FISIOTERAPIA E ESTETICA;-25.4294119;-49.2671126;RUA XV DE NOVEMBRO;S/N;CENTRO
6798616;Caiu em cidade errada. Esperado: IBGE 140047;140047;UNIDADE BASICA DE SAUDE LUIZ ALVEZ DA SILVA;0.8095281185;-60.0794219971;VIC 16 KM 28;S/N;VILA BOA ESPERANCA
6811833;Caiu em cidade errada. Esperado: IBGE 172100;172100;PRANA YOGA AMORIM;-10.2571847;-48.4004055;206 SUL VICINAL AV LO 05 LT 17;08;CENTRO
6816223;Caiu em cidade errada. Esperado: IBGE 150250;150250;POSTO DE SAUDE CURURU;-0.5822653681;-49.21875;RIO CURURU VILA BOA ESPERANCA;S/N;CURURU
6816231;Caiu em cidade errada. Esperado: IBGE 150250;150250;POSTO DE SAUDE ARAUA;-0.840423963;-49.8889160156;VILA ARAUA;S/N;ARAUA
6816894;Caiu em cidade errada. Esperado: IBGE 150250;150250;POSTO DE SAUDE BACURI;-0.5204701368;-50.0921630859;VILA BACURI;S/N;BACURI
6816908;Caiu em cidade errada. Esperado: IBGE 150250;150250;POSTO DE SAUDE JURUPUCU;-0.6866290722;-49.2352294922;VILA JURUPUCU;S/N;JURUPUCU
6816916;Fora do Brasil ou no mar;150250;POSTO DE SAUDE UBUSSUTUBA;0.8651404632;-49.8257446289;VILA UBUSSUTUBA;S/N;UBUSSUTUBA
6816940;Caiu em cidade errada. Esperado: IBGE 150250;150250;POSTO DE SAUDE MAPATA;-0.8788717828;-49.9905395508;VILA MAPATA;S/N;MAPATA
6818315;Caiu em cidade errada. Esperado: IBGE 150250;150250;POSTO DE SAUDE MOCOOES;-0.7580345255;-49.3505859375;VILA MO0COOES;S/N;MOCOOES
6825575;Caiu em cidade errada. Esperado: IBGE 260110;260110;HEMOANALISE;-7.4761306;-40.2789407;RUA SAO PEDRO;470;CENTRO
6828647;Caiu em cidade errada. Esperado: IBGE 210150;210150;SECRETARIA MUNICIPAL DE SAUDE;-6.7587578671;-43.0258727074;RUA AGRIPINO SILVERIO GALVAO;1035;CENTRO
6838782;Caiu em cidade errada. Esperado: IBGE 420425;420425;AMBULATORIO SAUDE MENTAL COCAL DO SUL;-28.68177;-49.38267;RUA ANGELO PERUCHI;30;CENTRO
6840132;Caiu em cidade errada. Esperado: IBGE 312770;312770;FARMACIA DO COMPONENTE ESPECIALIZADO DA ASSISTENCIA FARMACEU;-18.9894147152;-42.0336914062;RUA SAO JOAO;344;CENTRO
6850219;Caiu em cidade errada. Esperado: IBGE 354165;354165;PAULO HENRIQUE JUBRAN MARCHESIN;-23.5459329;-47.1836069;RUA JULIO PRESTES;219;CENTRO
6854850;Caiu em cidade errada. Esperado: IBGE 330180;330180;UNIDADE DE SAUDE DA FAMILIA DA BARREIRA;-22.5500857676;-43.6777567863;RUA LUCIA;20;BARREIRA
6856586;Caiu em cidade errada. Esperado: IBGE 140005;140005;POLO BASE HAKOMA;2.4766453821;-62.2183227539;COMUNIDADE HAKOMA;S/N;RURAL
6858082;Caiu em cidade errada. Esperado: IBGE 261590;261590;POLO DE ACADEMIA DA SAUDE;-7.600904300000001;-37.3097147;AV CENTRAL;100;CENTRO
6872948;Caiu em cidade errada. Esperado: IBGE 240910;240910;ACADEMIA DA SAUDE ZONA RURAL;-6.4681510127;-35.543346405;POVOADO FERNANDO DA PISTA;01;ZONA RURAL
6873375;Caiu em cidade errada. Esperado: IBGE 210070;210070;APAE DE ANAJATUBA;-2.5444301;-44.2351332;RUA TARQUINIO LOPES;21;CENTRO
6876404;Caiu em cidade errada. Esperado: IBGE 240860;240860;PARANA NA ATIVA;-6.6646075622;-38.3203125;NOVA;S/N;CENTRO
6878032;Caiu em cidade errada. Esperado: IBGE 251690;251690;POLO ACADEMIA DA SAUDE II ALTO DA BELA VISTA;-6.894085199999999;-38.5695994;FRANCISCO CORREIA DE QUEIROGA;S/N;ALTO DA BELA VISTA
6880118;Caiu em cidade errada. Esperado: IBGE 240725;240725;ACADEMIA DE SAUDE DE MAJOR SALES;-6.24994;-38.192094;RUA BENJAMIM FRANCO;S/N;CENTRO
6887074;Caiu em cidade errada. Esperado: IBGE 261260;261260;ACADEMIA DA SAUDE;-8.2709211;-35.9909456;RUA;S/N;CENTRO
6888666;Caiu em cidade errada. Esperado: IBGE 210150;210150;UNIDADE DE VIGILANCIA EM SAUDE;-6.7587951571;-43.0257385969;RUA AGRIPINO SILVERIO GALVAO;1035;CENTRO
6888747;Caiu em cidade errada. Esperado: IBGE 314290;314290;UNIDADE BASICA DE SAUDE DE DOURADOS;-15.0313362696;-42.8980519871;DOURADOS;S/N;ZONA RURAL
6889735;Caiu em cidade errada. Esperado: IBGE 280620;280620;ACADEMIA DA SAUDE;-11.0320214362;-37.3747500896;BALNEARIO DE SALGADO;S/N;CENTRO
6893228;Caiu em cidade errada. Esperado: IBGE 150145;150145;SERVICO DE ATENDIMENTO MOVEL DE URGENCIA SAMU 192;-2.3856;-54.5634;ESTRADA 01;S/N;CENTRO
6906184;Caiu em cidade errada. Esperado: IBGE 312290;312290;ESF JOSE AGOSTINHO TOLEDO RIBEIRO;-21.3466841666;-42.8332901001;RUA HELOISA APARECIDA DE SOUZA;S/N;DISTRITO DE SAO MANO
6909078;Caiu em cidade errada. Esperado: IBGE 313420;313420;CLINICA CENTER MEDICA LTDA;-18.8317809;-50.1387427;AV 09;641;CENTRO
6915450;Caiu em cidade errada. Esperado: IBGE 292600;292600;MEDLAB;-14.7927526;-39.2855909;PRACA CENTRO COMERCIAL;1;CENTRO
6927734;Caiu em cidade errada. Esperado: IBGE 411070;411070;POSTO DE SAUDE PALMITAL;-25.3979779;-50.933348;PALMITAL;000;ZONA RURAL
6929702;Caiu em cidade errada. Esperado: IBGE 354140;354140;ESF MARE MANSA DRA FERNANDA DE FIGUEIREDO MACCA CORDEIRO;-22.0838037;-51.4320786;RUA NATALINA CORDEIRO FONSECA;417;RESIDENCIAL MARE MAN
6933076;Caiu em cidade errada. Esperado: IBGE 220750;220750;LABIMAGEM;-5.9783663297;-43.0626940727;RUA DOS TRES PODERES;S/N;CENTRO
6934064;Caiu em cidade errada. Esperado: IBGE 210480;210480;UNIDADE BASICA DE SAUDE POVOADO CATINGUEIRO;-3.6002019;-45.3074374;POVOADO CATINGUEIRO;S/N;ZONA RURAL
6934072;Caiu em cidade errada. Esperado: IBGE 210480;210480;UNIDADE BASICA DE SAUDE POVOADO LAGOA DE FORA;-29.1362142;-49.6060765;POVOADO LAGOA DE FORA;S/N;ZONA RURAL
6934080;Caiu em cidade errada. Esperado: IBGE 210480;210480;UNIDADE BASICA DE SAUDE POVOADO SOLTA DOS CARLOS;-3.6002019;-45.3074374;POVOADO SOLTA DOS CARLOS;S/N;ZONA RURAL
6934145;Caiu em cidade errada. Esperado: IBGE 210480;210480;UNIDADE BASICA DE SAUDE POVOADO PIACABA;-3.6002019;-45.3074374;POVOADO PIACABA;S/N;ZONA RURAL
6934404;Caiu em cidade errada. Esperado: IBGE 140005;140005;POLO BASE SURUCUCU;2.6865455433;-61.9985961914;DISTRITO SANITARIO ESPECIAL INDIGENA YANOMAMI;S/N;DISTRITO YANOMAMI
6935567;Caiu em cidade errada. Esperado: IBGE 530060;530060;IMED;-15.7975154;-47.89188739999999;QUADRA 01 CONJUNTO I LOTE 415 SALAS 304 E 305;S/N;GAMA
6939945;Caiu em cidade errada. Esperado: IBGE 293010;293010;SAMU;-10.3035614261;-40.1684832573;RODOVIA LOMANTO JUNIOR;101;KM 307
6949304;Caiu em cidade errada. Esperado: IBGE 171330;171330;SAMU 192;-9.3145858736;-48.3525896072;RUA 32;S/N;VILA MARIA
6952968;Caiu em cidade errada. Esperado: IBGE 220750;220750;SECRETARIA MUNICIPAL DE SAUDE DE PALMEIRAIS;-5.978;-43.063;AV CENTRAL;S/N;CENTRO
6965490;Caiu em cidade errada. Esperado: IBGE 293010;293010;SAMU AVANCADO;-10.3037514308;-40.1685476303;RODOVIA LOMANTO JUNIOR;103;KM 307
6965539;Caiu em cidade errada. Esperado: IBGE 293010;293010;SAMU AVANCADO 2;-10.3037514308;-40.168504715;RODOVIA LOMANTO JUNIOR;104;KM 307
6965547;Caiu em cidade errada. Esperado: IBGE 293010;293010;SAMU MOTOLANCIA;-10.303624761;-40.1684832573;RODOVIA LOMANTO JUNIOR;105;KM 307
6977677;Caiu em cidade errada. Esperado: IBGE 530180;530180;MATERNITA CLIN DE GINECOLOGIA OBSTETRIC E MASTOLOGIA;-15.8067496;-48.0854887;ST COMERCIAL NORTE AREA ESPECIAL 8 9 E 10 SALA;725;TAGUATINGA
6983421;Caiu em cidade errada. Esperado: IBGE 261160;261160;US 198 AMBULANCIA 11;-7.9604247;-34.8300933;AV BEIRA MAR;666;BOA VIAGEM
6985939;Caiu em cidade errada. Esperado: IBGE 315690;315690;UNIMED UBERABA COOPERETIVA DE TRABALHO MEDICO LTDA;-19.7456327;-47.9385299;PRESIDENTE CASTELO;15;CENTRO
7009593;Caiu em cidade errada. Esperado: IBGE 210173;210173;SECRETARIA MUNICIPAL DE SAUDE DE BELAGUA;-3.543;-43.916;AV 01 DE JANEIRO;S/N;CENTRO
7012020;Caiu em cidade errada. Esperado: IBGE 290430;290430;SAMU 192 BREJOES;-13.1971578;-40.4759775;RUA DO CEMITERIO;S/N;CENTRO
7012217;Caiu em cidade errada. Esperado: IBGE 291920;291920;CLINICA DA FAMILIA DE AREIA BRANCA;-12.845054;-38.357762;RUA 02 DE JULHO;96;AREIA BRANCA
7020031;Caiu em cidade errada. Esperado: IBGE 311860;311860;UNIDADE BASICA DE SAUDE TROPICAL I;-19.8291927;-44.0748253;AVENIDA B;1012;CAMPO ALTO
7030908;Caiu em cidade errada. Esperado: IBGE 110001;110001;UNIDADE BASICA DE SAUDE DE FILADELFIA;-12.2702312663;-61.9395446777;VILA FILADELFIA;S/N;ZONA RURAL
7034431;Caiu em cidade errada. Esperado: IBGE 260620;260620;SAMU USB AMBULANCIA 02;-7.120942599999999;-34.8708463;AVENIDA MARECHAL DA FONSECA;S/N;CENTRO
7042752;Caiu em cidade errada. Esperado: IBGE 270930;270930;USB UNIAO DOS PALMARES;-9.6065836;-36.0268827;BR 101;S/N;POLICIA FEDERAL
7058578;Caiu em cidade errada. Esperado: IBGE 520540;520540;UROGYN;-14.9630903284;-49.544005394;RUA 05;01;CENTRO
7062362;Caiu em cidade errada. Esperado: IBGE 313650;313650;UNIDADE BASICA DE SAUDE RURAL;-15.771441;-40.498741;RUA PRINCIPAL;S/N;CENTRO
7066783;Caiu em cidade errada. Esperado: IBGE 261470;261470;POSTO DE SAUDE DE BOA VISTA DE BAIXO;2.8206339;-60.6737553;SITIO BOA VISTA DE BAIXO;S/N;RURAL
7067283;Caiu em cidade errada. Esperado: IBGE 210465;210465;P S ROSILANDIA;-3.22217;-45.39531;POVOADO ROSILANDIA;S/N;POV ROSILANDIA
7067291;Caiu em cidade errada. Esperado: IBGE 261570;261570;TOTAL SAUDE FARMA;-7.8444926;-35.2551488;AVENIDA PRESIDENTE GETULIO VARGAS;69;CENTRO
7077203;Caiu em cidade errada. Esperado: IBGE 316800;316800;FARMACIA DE MINAS DE TAIOBEIRAS;-15.7274109;-42.1824354;AV SAO JOAO;59;CENTRO
7079486;Caiu em cidade errada. Esperado: IBGE 412850;412850;CONSULTORIO ODONTOLOGICO EDSON LUIZ DE CARVALHO;-23.779568;-49.9513604;RUA FELIPE MIGUEL DE CARVALHO;11;CENTRO
7080956;Caiu em cidade errada. Esperado: IBGE 220105;220105;UOM DE ASSUNCAO DO PIAUI;-5.198;-41.044;RUA;1;CENTRO
7082096;Caiu em cidade errada. Esperado: IBGE 431540;431540;UNIDADE DE SAUDE INDIGENA SAO JOAO DO IRAPUA;-27.7175731984;-53.6259841919;AREA INDIGENA SAO JOAO DO IRAPUA;S/N;INTERIOR
7089392;Fora do Brasil ou no mar;330330;LABS DOR XV DE NOVEMBRO;-22.8965416;-43.1237016;XV DE NOVEMBRO;134;CENTRO
7090005;Caiu em cidade errada. Esperado: IBGE 420200;420200;CORSB RADIOTERAPIA E MEGAVOLTAGEM;-26.9568850697;-48.6417102814;RUA ROUXINOL;241;ARIRIBA
7100736;Caiu em cidade errada. Esperado: IBGE 520540;520540;ROSANGELA PARREIRA LOPES AMORIM;-14.9603811;-49.5563556;RUA 09;26;CENTRO
7105509;Caiu em cidade errada. Esperado: IBGE 411930;411930;POSTO DE SAUDE DE POCINHOS;-7.0774452;-36.0598575;POCINHOS;S/N;INTERIOR
7114753;Caiu em cidade errada. Esperado: IBGE 410260;410260;CONSULTORIO ONDONTOLOGICO LAB PROTESES DENTARIAS;-26.2532206876;-53.6334943771;CRISTALINO SILVEIRA MACHADO;239;CENTRO
7126379;Caiu em cidade errada. Esperado: IBGE 240970;240970;POSTO DE SAUDE BAIXA DO MEIO;-5.255923;-36.3551408;RUA PROJETADA;S/N;CENTRO
7131488;Caiu em cidade errada. Esperado: IBGE 320040;320040;FELIPE SANTOS DE OLIVEIRA;-20.1856257;-40.266565;RUA DUQUE DE CAXIAS;S/N;CENTRO
7134142;Caiu em cidade errada. Esperado: IBGE 351570;351570;HOSPITAL PRO MATER SANTO ANTONIO;-23.4989992;-46.4005117;PRACA DA INDEPENDENCIA;21;CENTRO
7140312;Caiu em cidade errada. Esperado: IBGE 221135;221135;SMS DE VARZEA BRANCA;-9.2342185071;-42.5749611855;AVENIDA;099;CENTRO
7147201;Caiu em cidade errada. Esperado: IBGE 350170;350170;CARETA;-21.686664;-48.0785965;RODOVIA ALDO LUPO;1300;JARDIM VISTA ALEGRE
7149263;Caiu em cidade errada. Esperado: IBGE 350280;350280;CLINICA DE ORTOPEDIA BRESSAN;-21.2549556;-50.645791;BRASILIA;2121;JARDIM NOVA YORQUE
7149743;Caiu em cidade errada. Esperado: IBGE 130380;130380;POLO BASE MATURACA;0.6286006228;-66.1365687847;COMUNIDADE INDIGENA;S/N;MATURACA
7154585;Caiu em cidade errada. Esperado: IBGE 290687;290687;ACADEMIA DE SAUDE DE PEDRAS ALTAS;-11.1851584;-40.0460794;PEDRAS ALTAS;S/N;POV PEDRAS ALTAS
7155301;Caiu em cidade errada. Esperado: IBGE 320040;320040;COA CENTRO ODONTOLOGICO DE ANCHIETA LTDA ME;-20.1856257;-40.266565;RUA DUQUE DE CAXIAS;S/N;CENTRO
7158106;Caiu em cidade errada. Esperado: IBGE 330330;330330;URORAD SERVICOS MEDICOS LTDA;-22.8233414;-43.37863050000001;RUA CORONEL MOREIRA CESAR;160;ICARAI
7159382;Caiu em cidade errada. Esperado: IBGE 431442;431442;DOR CLINICA MEDICA;-30.0035315;-51.0529062;AVENIDA PRESIDENTE GETULIO VARGAS;4967;CENTRO
7169035;Caiu em cidade errada. Esperado: IBGE 291950;291950;CENTRAL DE REGULACAO DE SERVICOS DE SAUDE;-13.4216;-41.6834;PRACA SENADOR TANAJURA;27;CENTRO
7169744;Caiu em cidade errada. Esperado: IBGE 520140;520140;PUPPINI E SALTINI ODONTOLOGIA;-16.75597;-48.50702;300;S/N;CIDADE VERA CRUZ
7181787;Caiu em cidade errada. Esperado: IBGE 317030;317030;FARMACIA DE MINAS UNIDADE DE UMBURATIBA;-17.256742;-40.56713;RUA APARECIDA;S/N;CENTRO
7183364;Caiu em cidade errada. Esperado: IBGE 292010;292010;POSTO DE SAUDE CAPIM BRANCO;-19.5476319;-44.1301624;FAZENDA;S/N;FAZ
7184476;Caiu em cidade errada. Esperado: IBGE 292340;292340;UNIDADE MOVEL ODONTOLOGICA DE PALMAS DE MONTE ALTO;-13.980304627;-43.3448329568;DISTRITO DE ESPRAIADO;S/N;ZONA RURAL
7190921;Fora do Brasil ou no mar;240440;POSTO DE SAUDE DE AREIAS ALVAS;-4.543457;-37.13367;POVOADO DE AREIAS ALVAS;S/N;POVOADO DE AREIAS AL
7191170;Caiu em cidade errada. Esperado: IBGE 291250;291250;POSTO SATELITE LAGOA DE DENTRO;-12.575235;-42.173144;POVOADO LAGOA DE DENTRO;S/N;ZONA RURAL
7191189;Caiu em cidade errada. Esperado: IBGE 291250;291250;POSTO SATELITE DO SAO FRANCISCO;-12.585015;-42.130379;POVOADO ALTO DO SAO FRANCISCO;S/N;ZONA RURAL
7191197;Caiu em cidade errada. Esperado: IBGE 291250;291250;POSTO SATELITE DE JUREMA;-12.430143;-42.164175;POVOADO DE JUREMA;S/N;ZONA RURAL
7191243;Caiu em cidade errada. Esperado: IBGE 150570;150570;UNIDADE BASICA DE SAUDE DA FAMILIA IZABEL DAMASCENO;-1.12;-48.45;VILA DE SANTANA;000;ZONA RURAL
7193998;Caiu em cidade errada. Esperado: IBGE 230950;230950;POSTO DE SAUDE DAS CARAUBAS;-6.2608280173;-38.8290336728;ST CARAUBAS;S/N;SAO GERALDO
7194544;Caiu em cidade errada. Esperado: IBGE 316600;316600;FARMACIA DE MINAS DE SENHORA DE OLIVEIRA;-20.4738;-43.2038;PRACA PADRE JOSE PEREIRA;S/N;CENTRO
7196687;Caiu em cidade errada. Esperado: IBGE 150700;150700;UNIDADE DE SAUDE TRAVESSA C;-1.0620081223;-47.998752594;TRAVESSA C;22;ZONA RURAL
7196741;Caiu em cidade errada. Esperado: IBGE 292260;292260;POSTO DE SAUDE DE BARROQUINHA;-13.6070321345;-38.9896631241;POVOADO DE BARROQUINHA;15;ZONA LITORANIA
7196776;Caiu em cidade errada. Esperado: IBGE 292260;292260;NASF NUCLEO DE APOIO A SAUDE DA FAMILIA DE NILO PECANHA;-13.599;-39.107;RUA 07 DE SETEMBRO;S/N;CENTRO
7198922;Caiu em cidade errada. Esperado: IBGE 172100;172100;LABORATORIO VIDA;-10.2644555;-48.3981236;RUA 17 QD 02 LT 29 A;S/N;CENTRO
7200374;Caiu em cidade errada. Esperado: IBGE 292550;292550;ITA CLINICA;-9.398989799999999;-38.2097743;AVENIDA WILSON ALVES DE SOUZA;S/N;SAO BRAS
7206151;Caiu em cidade errada. Esperado: IBGE 292260;292260;CENTRO DE SAUDE ELEZITA MENEZES MARQUES;-13.6012551179;-39.1055130959;RUA 07 DE SETEMBRO;15;CENTRO
7208863;Caiu em cidade errada. Esperado: IBGE 150480;150480;POSTO DE SAUDE DO PARACARI;-2.2469;-54.556432;COMUNIDADE PARACARI;S/N;ZONA RURAL
7209576;Caiu em cidade errada. Esperado: IBGE 171110;171110;SECRETARIA MUNICIPAL DE SAUDE DE ITAPORA;-8.203;-48.2443;RUA DOMINGOS BATISTA DE OLIVEIRA;25;CENTRO
7211104;Caiu em cidade errada. Esperado: IBGE 241110;241110;POSTO DE SAUDE DE GAMELEIRA;-5.8092486;-35.9879403;SITIO GAMELEIRA;S/N;ZONA RURAL
7226985;Fora do Brasil ou no mar;230393;POSTO DE SAUDE DE SENEGAL;14.497401;-14.452362;SENEGAL;S/N;MARAVILHA
7228783;Caiu em cidade errada. Esperado: IBGE 291030;291030;P S DA BAIXINHA;-12.234567;-39.522;POVOADO DA BAIXINHA;S/N;ZONA RURAL
7231296;Caiu em cidade errada. Esperado: IBGE 172110;172110;UNIDADE BASICA DE SAUDE INDIGINA FUNIL;-9.564;-48.391;ALDEIA FUNIL;S/N;ZONA RURAL
7231369;Caiu em cidade errada. Esperado: IBGE 172110;172110;UNIDADE BASICA DE SAUDE INDIGINA BREJO CUMPRIDO;-9.564;-48.394;ALDEIA BREJO CUMPRIDO;S/N;ZONA RURAL
7234155;Caiu em cidade errada. Esperado: IBGE 520025;520025;AASPEC;-15.8196989;-48.2140378;QD 56 LOTE;32;SETOR 7
7236271;Caiu em cidade errada. Esperado: IBGE 421360;421360;HUMAN CLINICAL;-26.237862747;-51.0863399506;AVENIDA GETULIO VARGAS;49;CENTRO
7241194;Fora do Brasil ou no mar;120038;AMBULANCIA USB PLACIDO DE CASTRO 17;-10.335;-67.181;RUA EPITACIO PESSOA;550;CENTRO
7241615;Caiu em cidade errada. Esperado: IBGE 315210;315210;CLINICA DE CRIANCAS PONTENOVENSE;-20.2335221;-42.8119753;RUA DR OTAVIO SOARES;41;PALMEIRAS
7243510;Caiu em cidade errada. Esperado: IBGE 310130;310130;DEPARTAMENTO MUNICIPAL DE SAUDE DE ALAGOA;-22.272;-44.642;PCA ANIZIO MENDES DA FONSECA;S/N;CENTRO
7247877;Caiu em cidade errada. Esperado: IBGE 317150;317150;APOIO EM SAUDE DE MATHIAS LOBATO;-18.573761;-41.914823;RUA BATISTA MIRANDA;S/N;CENTRO
7252196;Caiu em cidade errada. Esperado: IBGE 260860;260860;USF RIACHO SECO;-9.12943;-36.51838;SITIO RIACHO SECO;S/N;ZONA RURAL
7254989;Caiu em cidade errada. Esperado: IBGE 432040;432040;GERSON JAMIN MATTOS SERVICOS EM SAUDE LTDA;-29.3787301;-50.8306828;RUA DAS FLORES;100;CENTRO
7258666;Caiu em cidade errada. Esperado: IBGE 330180;330180;SAMU 192 EPF I;-22.5500474;-43.6748432;RUA ATILA PORTUGAL;593;MORRO DO SOSSEGO
7261322;Caiu em cidade errada. Esperado: IBGE 261320;261320;POSTO DE SAUDE DE FREXEIRAS;-8.8980459458;-36.429977417;POVOADO FREXEIRAS;S/N;RURAL
7264259;Caiu em cidade errada. Esperado: IBGE 330600;330600;UBS HABITAT;-22.1402459324;-43.2453016418;RUA E;10;HABITAT
7267304;Caiu em cidade errada. Esperado: IBGE 354240;354240;SEST SENAT;-23.0863245;-49.5295502;RODOVIA RAPOSO TAVARES;S/N;DISTRITO INDUSTRIAL
7267770;Caiu em cidade errada. Esperado: IBGE 292280;292280;BASE DESCENTRALIZADA DE NOVA ITARANA;-12.2552451;-38.9665923;PRACA DA BANDEIRA;S/N;CENTRO
7268734;Caiu em cidade errada. Esperado: IBGE 160080;160080;PMVJ DIVISAO DE VIGILANCIA SANITARIA DE V JARI;-0.92038;-52.419271;PASSARELA PRINCIPAL;S/N;PRAINHA
7275501;Caiu em cidade errada. Esperado: IBGE 172097;172097;SECRETARIA MUNICIPAL DE TALISMA;-12.480471;-49.536495;AV RIO FORMOSO;159;CENTRO
7279094;Caiu em cidade errada. Esperado: IBGE 317040;317040;ARTE MEDICINA E ESTETICA;-16.5060536;-46.4968871;RUA NOSSA SENHORA;224;CENTRO
7280319;Caiu em cidade errada. Esperado: IBGE 240110;240110;SAMU 192 AREIA BRANCA;-5.0584048;-37.1568675;BR 110 KM 02;01;ILHA
7292155;Caiu em cidade errada. Esperado: IBGE 290790;290790;FARMACIA BASICA DE CIPO;-11.3;-38.517;PRACA DA BANDEIRA;S/N;CEENTRO
7292511;Caiu em cidade errada. Esperado: IBGE 230015;230015;POSTO DE SAUDE DE MORENOS;-4.161221;-38.661267;SITIO MORENOS;S/N;SITIO MORENOS
7296495;Caiu em cidade errada. Esperado: IBGE 150172;150172;POSTO DE SAUDE LARANJAL;-3.40006;-52.39055;VICINAL DA 19;S/N;ZONA RURAL
7301308;Caiu em cidade errada. Esperado: IBGE 290115;290115;POSTO DE SAUDE DE CANABRAVA;-14.5532333;-43.7647683;POVOADO DE CANABRAVA;S/N;POVOADO
7309333;Caiu em cidade errada. Esperado: IBGE 210060;210060;UBS PA MARGARIDA ALVES;-5.35;-46.27052;PA MARGARIDA ALVES;S/N;PA MARGARIDA ALVES
7312571;Caiu em cidade errada. Esperado: IBGE 231180;231180;UNIDADE BASICA DE SAUDE PEIXE;-4.946388;-37.064143;RUA ANTONIO JOAQUIM DE ARAUJO;1795;DISTRITO DE PEIXE
7313977;Caiu em cidade errada. Esperado: IBGE 354240;354240;OAS;-22.6266191;-50.661778;RODOVIA RAPOSO TAVARES;S/N;DISTRITO INDUSTRIAL
7317301;Caiu em cidade errada. Esperado: IBGE 230195;230195;POSTO DE SAUDE DE CATARINA;-4.286837;-38.7229862;SITIO CATARINA;S/N;SITIO CATARINA
7318499;Caiu em cidade errada. Esperado: IBGE 293160;293160;FARMACIA BASICA DE TEOLANDIA;-13.601106;-39.489385;RUA ENEDINO SATURNINO DOS SANTOS FILHO;S/N;CENTRO
7322372;Fora do Brasil ou no mar;431560;UNIDADE BASICA DE SAUDE PRISIONAL;-32.035542;-52.09954;BR 392 KM 15;S/N;VILA DA QUINTA
7325347;Caiu em cidade errada. Esperado: IBGE 316800;316800;DROGARIA CARDOSO CARDOSO LTDA ME;-15.7274109;-42.1824354;AVENIDA SAO JOAO;34;CENTRO
7331266;Caiu em cidade errada. Esperado: IBGE 172110;172110;ACADEMIA DE SAUDE DE TOCANTINIA;-9.827;-48.421;SETOR AEROPORTO;S/N;VILA PLANALTO
7336128;Caiu em cidade errada. Esperado: IBGE 280280;280280;UNIDADE DE SAUDE POVOADO BOTEQUIM;-11.397323659;-37.5746530294;POVOADO BOTEQUIM;S/N;ZONA RURAL
7341911;Caiu em cidade errada. Esperado: IBGE 220890;220890;PS PINAS;-7.5536754679;-45.2392745018;POVOADO PINAS;S/N;ZONA RURAL
7343469;Caiu em cidade errada. Esperado: IBGE 292000;292000;USF CLAUDIONOR COELHO DOS SANTOS;-14.8792477;-40.859696;RUA POTIRAGUA;02;BELA VISTA
7354622;Caiu em cidade errada. Esperado: IBGE 292525;292525;POSTO DE SAUDE DE PEDRA GRANDE;-5.1512996;-35.8775109;FAZENDA PEDRA GRANDE;S/N;ZONA RURAL
7359128;Fora do Brasil ou no mar;420600;APAE GOVERNADOR CELSO RAMOS;-27.3174529;-48.5620799;RODOVIA FRANCISCO WOLLINGER;S/N;CALHEIROS
7361920;Caiu em cidade errada. Esperado: IBGE 270930;270930;USB 20 UNIAO DOS PALMARES;-9.3257368;-35.8286905;BR 101;S/N;POLICIA FEDERAL
7375433;Caiu em cidade errada. Esperado: IBGE 260650;260650;EMULTI EQUIPE MULTIPROFISISONAL DE IATI;-9.24671;-36.5046;RUA DO HOSPITAL;S/N;CENTRO
7378777;Caiu em cidade errada. Esperado: IBGE 250380;250380;EQUIPE MULTI DE SAUDE DE CALDAS BRANDAO;-7.103;-35.32;RUA CENTRAL;34;CENTRO
7381557;Caiu em cidade errada. Esperado: IBGE 430580;430580;ACADEMIA DE SAUDE PRACA GETULIO VARGAS;-27.8884044;-52.2258411;PRACA GETULIO VARGAS;S/N;CENTRO
7387636;Caiu em cidade errada. Esperado: IBGE 260620;260620;ACADEMIA DA SAUDE 10;-8.022053399999999;-34.9080662;RUA DO CHAFARIZ;S/N;GAMBA
7392680;Caiu em cidade errada. Esperado: IBGE 521470;521470;POLO ACADEMIA DA SAUDE DE NOVA AMERICA;-15.86490205;-50.8690611197;PRACA MATRIZ;S/N;CENTRO
7393571;Caiu em cidade errada. Esperado: IBGE 260780;260780;CAPS ITAQUITINGA;-7.6701634993;-35.153503418;CENTRO;S/N;CENTRO
7418868;Caiu em cidade errada. Esperado: IBGE 221170;221170;POSTO DE SAUDE GENIPAPEIRO;-7.1392073773;-41.9221879572;LOCALIDADE GENIPAPEIRO;S/N;ZONA RURAL
7421168;Caiu em cidade errada. Esperado: IBGE 292665;292665;FARMACIA BASICA DE RIBEIRAO DO LARGO;-15.576337;-40.739388;RUA DA QUADRA DE ESPORTES;36;CENTRO
7422997;Caiu em cidade errada. Esperado: IBGE 320503;320503;APOIO PSF SAO MANUEL DO FRADE;-22.7326916;-48.5725621;SAO MANUEL DO FRADE;01;BELEM
7425872;Caiu em cidade errada. Esperado: IBGE 260410;260410;UBS CACHOEIRA SECA;-8.1677595372;-35.9722208977;RUA MARIA QUARESMA;25;VILA CACHOEIRA SECA
7425902;Caiu em cidade errada. Esperado: IBGE 261210;261210;ACADEMIA DA SAUDE DE SALGADINHO;-7.940352911;-35.6293970346;AVENIDA AFONSO GOUVEIA;S/N;CENTRO
7427069;Caiu em cidade errada. Esperado: IBGE 291390;291390;JOAO CEZAR SEGRE;-14.135166;-39.739229;PRACA DO CINQUENTENARIO;313;CENTRO
7429193;Caiu em cidade errada. Esperado: IBGE 241410;241410;UBS ZE DE MIZAEL;-6.261;-38.072;SITIO SANTO ANTONIO;S/N;ZONA RURAL
7430868;Caiu em cidade errada. Esperado: IBGE 170290;170290;UNIDADE BASICA DE SAUDE FRANCISCO LEAO DE SOUSA;-5.6991349735;-47.7420973778;VILA PALMEIRAS POVOADO PEQUIZEIRO;0;ZONA RURAL
7431155;Caiu em cidade errada. Esperado: IBGE 230790;230790;UNIDADE BASICA DE SAUDE DO ALTO ALEGRE;-21.5819304;-50.1656837;LOCALIDADE DE ALTO ALEGRE;S/N;ALTO ALEGRE
7440960;Caiu em cidade errada. Esperado: IBGE 210637;210637;UNIDADE BASICA DE SAUDE DA FAMILIA 1 DE NOVEMBRO;-1.8792899;-46.0724725;RUA 1 DE JULHO;S/N;CENTRO
7441762;Caiu em cidade errada. Esperado: IBGE 290620;290620;UNIDADE DE SAUDE DA FAMILIA DE CAPIVARA;-11.6460157577;-41.7856407166;POVOADO DE CAPIVARA;S/N;POVOADO
7441819;Caiu em cidade errada. Esperado: IBGE 290620;290620;UNIDADE DE SAUDE DA FAMILIA SEDE II;-11.67308296;-41.7713713646;AV BARRA DO MENDES;S/N;CENTRO
7441827;Caiu em cidade errada. Esperado: IBGE 290620;290620;UNIDADE SAUDE DA FAMILIA SEDE III;-11.6789877985;-41.7698907852;RUA NOVA CANARANA;12;CENTRO
7444885;Caiu em cidade errada. Esperado: IBGE 350520;350520;SAUDECLIN CARDIOLOGIA SS ME;-22.2587;-48.2615;RUA HUMAITA;179;CENTRO
7446497;Caiu em cidade errada. Esperado: IBGE 251310;251310;POSTO DE SAUDE SITIO SOUZA;-7.96987;-35.89451;SITIO SOUZA;22;ZONA RURAL
7449933;Caiu em cidade errada. Esperado: IBGE 261510;261510;POSTO DE SAUDE LAJES;-9.0131261693;-36.6872967242;SITIO LAJES;S/N;RURAL
7451083;Caiu em cidade errada. Esperado: IBGE 241410;241410;LABORATORIO DE MUN TENENTE ANANIAS;-6.2817;-38.105;AV PROJETADA;S/N;OLINTO
7453175;Fora do Brasil ou no mar;251190;AMIGO DO PEITO DE PITIMBU;-7.474863999999999;-34.8103127;RUA PROJETADA;S/N;CENTRO
7453221;Caiu em cidade errada. Esperado: IBGE 261210;261210;LABORATORIO DE ANALISES CLINICAS DE AMEIXAS;-7.9405601174;-35.6289464235;ANTONIO GOMES DE SA;34;CENTRO
7468571;Caiu em cidade errada. Esperado: IBGE 140060;140060;POSTO DE SAUDE INDIGENA ANAUA;1.189287;-59.870405;COMUNIDADE INDIGENA ANAUA;S/N;CENTRO
7469152;Caiu em cidade errada. Esperado: IBGE 140050;140050;POSTO DE SAUDE INDIGENA XAARI;1.1040576454;-59.5678710938;COMUNIDADEINDIGENA XAARI;S/N;CENTRO
7476868;Caiu em cidade errada. Esperado: IBGE 250320;250320;NUCLEO LABORATORIO;-7.0982924593;-34.8474559564;AV FLAVIO RIBEIRO COUTINHO;16;LT PARQUE VERDE MA
7484461;Caiu em cidade errada. Esperado: IBGE 250375;250375;AMIGO DO PEITO DE CAJAZEIRINHAS;-6.765145899999999;-37.7942609;R ADMILSON LEITE;11;CENTRO
7488068;Caiu em cidade errada. Esperado: IBGE 291345;291345;ACADEMIA DA SAUDE DE IGRAPIUNA;-13.9223;-39.12452;FAZENDA SAO PEDRO;S/N;CENTRO
7493711;Caiu em cidade errada. Esperado: IBGE 315010;315010;FARMACIA DE MINAS DO MUNICIPIO DE PIAU;-22.5083073;-44.3196982;RUA DR DILERMANO CRUZ;S/N;CENTRO
7495420;Caiu em cidade errada. Esperado: IBGE 211110;211110;LRPD DE SAO JOAO DOS PATOS;-6.5010756;-43.8963536;POVOADO BARRO BRANCO;S/N;BARRO BRANCO
7495706;Caiu em cidade errada. Esperado: IBGE 150250;150250;UNIDADE BASICA DE SAUDE DO CURURU;-0.5493079911;-49.1830444336;VILA BOA ESPERANCA;50;CURURU
7497105;Caiu em cidade errada. Esperado: IBGE 291390;291390;CONSULTORIO ODONTOLOGICO DR LEANDRO;-14.13813;-39.73646;RUA MARECHAL FLORIANO PEIXOTO;197;CENTRO
7512104;Caiu em cidade errada. Esperado: IBGE 210510;210510;SECRETARIA MUNICIPAL DE SAUDE DE ICATU MA;-2.7756973424;-44.0662050247;PRACA JERONIMO DE ALBURQUERQUE S N;S/N;CENTRO
7512597;Caiu em cidade errada. Esperado: IBGE 421350;421350;MAXIZIRCON;-27.1294243432;-48.6115837097;NEREU RAMOS;4016;MEIA PRAIA
7514964;Caiu em cidade errada. Esperado: IBGE 150080;150080;NUCLEO ODONTOLOGICO SAO BENEDITO;-1.3741282;-48.4240851;RODOVIA TRANSCOQUEIRO;10;COQUEIRO
7519869;Caiu em cidade errada. Esperado: IBGE 431750;431750;EIDT MUSTAFA LTDA ME;-28.3406638;-54.8396116;RUA SETE DE SETEMBRO;642;CENTRO
7526156;Caiu em cidade errada. Esperado: IBGE 330180;330180;POSTO DE SAUDE DA GRAMA;-22.5499767734;-43.6777567863;RUA JOAO JANUARIO;685;GRAMA
7527349;Caiu em cidade errada. Esperado: IBGE 317090;317090;UBS CLEMENTE BATISTA ANTUNES;-15.76618;-43.6589;FAZENDA ORION;S/N;ZONA RURAL
7530277;Caiu em cidade errada. Esperado: IBGE 330200;330200;UNIDADE SAUDE DA FAMILIA CHAPERO;-22.8035604943;-43.7797451019;RUA ARISTOTELINA SILVA LINO GLEBA B;S/N;CHAPERO
7536313;Caiu em cidade errada. Esperado: IBGE 310660;310660;UNIDADE BASICA DE SAUDE INDIGENA ALDEIA PRADINHO;-16.873827;-40.585672;TERRA INDIGENA MAXAKALI;S/N;ZONA RURAL
7536550;Caiu em cidade errada. Esperado: IBGE 291390;291390;CONSULTORIO ODONTOLOGICO DR SIDIA;-14.13799;-39.73703;RUA MARECHAL FLORIANO PEIXOTO;197;CENTRO
7538227;Caiu em cidade errada. Esperado: IBGE 241410;241410;ACADEMIA DA SAUDE TENENTE ANANIAS;-6.2855;-38.1037;RUA AREAMIRO GOMES DA SILVEIRA;4555;PROJETO CRESCER
7541007;Caiu em cidade errada. Esperado: IBGE 293050;293050;UNIDADE DE SAUDE DA FAMILIA DE MALHADO DO ALTO;-14.7831919;-39.046327;POVOADO DE MALHADO DO ALTOO;S/N;ZONA RURAL
7541228;Fora do Brasil ou no mar;410880;UNIDADE DE PRONTO ATENDIMENTO UPA;-24.085275;-54.61;RUA OSVALDO CRUZ FUNDO DO VALE;1070;CENTRO
7550375;Caiu em cidade errada. Esperado: IBGE 420080;420080;POSTO DE SAUDE CAFE FILHO;-26.46298;-53.331;LINHA CAFE FILHO;S/N;INTERIOR
7557485;Caiu em cidade errada. Esperado: IBGE 350790;350790;ASSOCICANA;-21.3223565;-48.3215663;AVENIDA EMMA BICALETTO;364;CENTRO
7560591;Caiu em cidade errada. Esperado: IBGE 120020;120020;POSTO DE SAUDE RAIMUNDO JOSE DA SILVA;-7.4627304208;-72.9574584961;ESTRADA DO PENTENCOSTE;S/N;BELO JARDIM AREAL
7561156;Caiu em cidade errada. Esperado: IBGE 150309;150309;UNIDADE DE APOIO INDIGENA DE GOIANESIA DO PARA;-3.40991;-48.511;ALDEIA ARARANDEUA;000000000;ZONA RURAL
7569866;Caiu em cidade errada. Esperado: IBGE 150780;150780;UBS DO BOM PASTOR;-3.18987916;-51.5451049805;AGROVILA BOM PASTOR;S/N;ZONA RURAL
7573987;Caiu em cidade errada. Esperado: IBGE 210250;210250;CENTRO DE ATENCAO PSICOSSOCIAL DE CAJARI;-3.321;-45.011;RUA GRANDE;S/N;CENTRO
7574428;Caiu em cidade errada. Esperado: IBGE 250153;250153;UNIDADE BASICA DE SAUDE SILVINO AVELINO DA SILVA;-6.594191;-36.243261;SITIO RIACHO DO GURDIAO;S/N;ZONA RURAL
7575068;Caiu em cidade errada. Esperado: IBGE 130050;130050;POLO BASE VILA NOVA I;-2.8792652906;-56.8212890625;RIO ANDIRA;S/N;ZONA RURAL
7575084;Caiu em cidade errada. Esperado: IBGE 130050;130050;POLO BASE PONTA ALEGRE;-2.8045129824;-56.8144226074;RIO ANDIRA;S/N;ZONA RURAL
7575106;Caiu em cidade errada. Esperado: IBGE 130050;130050;POLO BASE KURUATUBA;-2.8182293639;-56.7320251465;RIO ANDIRA;S/N;ZONA RURAL
7575211;Caiu em cidade errada. Esperado: IBGE 500500;500500;DELEGACIA DE POLICIA CIVIL;-21.175;-56.491;AV FERNANDO ARANHA;1055;MAJOR COSTA
7575599;Caiu em cidade errada. Esperado: IBGE 290880;290880;PS SAO GONCALO;-22.8235278;-43.0477582;POVOADO SAO GONCALO;S/N;ZONA RURAL
7578261;Caiu em cidade errada. Esperado: IBGE 250330;250330;CENTRO DE ESPECIALIDADES ODONTOLOGICAS CACHOEIRA DOS INDIOS;-6.884163634;-38.5640716553;RUA PROJETADA;01;BAMBURRAL
7580177;Caiu em cidade errada. Esperado: IBGE 431213;431213;LABORATORIO LAVOISER LTDA;-28.2911738;-52.3529498;AV PRESIDENTE VARGAS;S/N;CENTRO
7583265;Caiu em cidade errada. Esperado: IBGE 240750;240750;LABORATORIO MUNICIPAL DE MAXARANGUAPE;-5.5181909;-35.262925;RUA SAO CRISTOVAO;S/N;CENTRO
7590032;Caiu em cidade errada. Esperado: IBGE 150276;150276;POSTO DE SAUDE INDIGENA ALDEIA GOROTIRE;-7.6293314247;-51.6027832031;ALDEIA GOROTIRE;S/N;ZONA RURAL
7591691;Caiu em cidade errada. Esperado: IBGE 150375;150375;POLO BASE WARO APOMPO MUNDURUKU;-6.0422361117;-58.6395263672;ALDEIA WARO APOMPO;0;ZONA RURAL
7592728;Caiu em cidade errada. Esperado: IBGE 353570;353570;SAMUEL ALVES DE SOUZA PROTESE DENTARIA;-23.6645464;-46.78772370000001;BAIRRO MACAUBA PARAISO A PALMARES PAULISTA;9999;RURAL
7593635;Caiu em cidade errada. Esperado: IBGE 150375;150375;POLO BASE KATO;-6.7409862088;-58.5186767578;ALDEIA KATO;00;ZONA RURAL
7594445;Caiu em cidade errada. Esperado: IBGE 291950;291950;UNIDADE DE VIGILANCIA EM SAUDE DE ZOONOSES;-13.4216;-41.6834;PRACA SENADOR TANAJURA;27;CENTRO
7594488;Caiu em cidade errada. Esperado: IBGE 316570;316570;BASE DESCENTRALIZADA UNIDADE DE SUPORTE BASICO DE SENADOR FI;-20.918059;-43.010413;RUA PIO XII;13;CENTRO
7597053;Caiu em cidade errada. Esperado: IBGE 210730;210730;UNIDADE BASICA DE SAUDE LAGOA DOS COCOS;-6.471464;-44.93546;POVOADO LAGOA DOS COCOS;S/N;CENTRO
7602634;Caiu em cidade errada. Esperado: IBGE 330200;330200;ASSUNCION MARTINEZ LIEM;-22.2222;-43.2222;RUA NOSSA SENHORA DA GLORIA;261;MONTE SERRAT
7605595;Caiu em cidade errada. Esperado: IBGE 411120;411120;KAF SERVICOS EM SAUDE;-25.7720696;-53.5236175;RUA JOSE DE ANCHIETA;80;CENTRO
7628692;Caiu em cidade errada. Esperado: IBGE 350760;350760;CENTRO TERAPEUTICO VALE DO BUGIO;-23.034015;-46.540993;SITIO VALE DO BUGIO;S/N;BARREIRO
7629672;Caiu em cidade errada. Esperado: IBGE 354130;354130;CLINICA SAUDE BEM ESTAR;-21.6127491639;-52.1905517578;ANTONIO VENANCIO LOPES;308;CENTRO
7641478;Caiu em cidade errada. Esperado: IBGE 220935;220935;FISIOTRAT;-7.079047099999999;-41.4686642;PRACA SAO PEDRO;41;CENTRO
7646348;Caiu em cidade errada. Esperado: IBGE 314800;314800;LIBRELON CATIZANE;-18.672917808;-46.4151763916;BRASIL;510;CENTRO
7650337;Caiu em cidade errada. Esperado: IBGE 520140;520140;INGOH INSTITUTO GOIANO DE ONCOLOGIA E HEMATOLOGIA;-16.742865;-49.278037;AVENIDA DONA MARIA CARDOSO;S/N;VILA SAO TOMAZ
7651066;Caiu em cidade errada. Esperado: IBGE 150060;150060;LABOCENTER;-2.8966262;-52.0144048;DAVI GAMA;S/N;LATICINIO
7652623;Caiu em cidade errada. Esperado: IBGE 261590;261590;LABORATORIO REGIONAL DE PROTESE DENTARIA;-7.5995981167;-37.3116517067;RUA FARMAUCETICO ALEIXINHO;05;CENRO
7661363;Caiu em cidade errada. Esperado: IBGE 314580;314580;PONTO DE APOIO JOSE DE FARIA NERI;-19.5653867;-44.8467005;RIO DO PEIXE;03;ZONA RURAL
7662416;Fora do Brasil ou no mar;150440;ACADEMIA DE SAUDE DE MARUDA;-0.626503;-47.631341;PRACA MATRIZ;S/N;DISTRITO MARUDA
7664133;Caiu em cidade errada. Esperado: IBGE 230810;230810;NASF PALESTINA;-7.28125;-38.46288;RUA GABRIEL ISIDRO;S/N;DISTRITO PALESTINA
7664338;Caiu em cidade errada. Esperado: IBGE 221097;221097;LRPD DE TANQUE DO PIAUI;-6.5971989538;-42.2840487957;AV CENTRAL;S/N;CENTRO
7672896;Caiu em cidade errada. Esperado: IBGE 354625;354625;VIGILANCIA SANITARIA SCE;-21.171477;-47.254277;RUA ANGELINA REGHINI FONTANETTI;497;CENTRO
7680120;Caiu em cidade errada. Esperado: IBGE 520025;520025;EXAME MEDICINA DIAGNOSTICA;-15.8196641;-48.2140969;QUADRA 06 LOTE 17 LOJA;02;JARDIM BRASILIA
7680465;Caiu em cidade errada. Esperado: IBGE 312770;312770;SESC GOVERNADOR VALADARES;-18.7834543;-42.935206;VENEZA;877;GRA DUQUESA
7688067;Caiu em cidade errada. Esperado: IBGE 171050;171050;UNIDADE BASICA DE SAUDE INDIGENA GALHEIRO;-8.3;-47.7;ALDEIA IDIGENA GALHEIRO;S/N;ZONA RURAL
7688075;Caiu em cidade errada. Esperado: IBGE 171050;171050;UNIDADE BASICA DE SAUDE INDIGENA SERRA GRANDE;-7.392;-46.768;ALDEIA INDIGENA SERRA GRANDE;S/N;ZONA RURAL
7689608;Caiu em cidade errada. Esperado: IBGE 421265;421265;VIGILANCIA SANITARIA;-28.5026642;-48.8924841;ESTRADA GERAL DE PESCARIA BRAVA;S/N;PESCARIA BRAVA
7691238;Caiu em cidade errada. Esperado: IBGE 210920;210920;ACADEMIA DE SAUDE DE PRESIDENTE JUSCELINO;-2.927273;-44.065367;PRACA IVAR SALDANHA;S/N;CENTRO
7695470;Caiu em cidade errada. Esperado: IBGE 210200;210200;POSTO DE SAUDE INDIGENA ALDEIA JANUARIA;-15.4887575;-44.3620074;ALDEIA JANUARIA;S/N;ALDEIA INDIGENA
7697937;Fora do Brasil ou no mar;330455;PAULO ALBERTO NUCERA;-22.9068467;-43.1728965;AVN MARTIN LUTHER KING JR;126;DEL CASTILHO
7705344;Caiu em cidade errada. Esperado: IBGE 310710;310710;UNIDADE MOVEL DE ATENDIMENTO BASICO DE BOA ESPERANCA;-20.1827816;-44.8101384;AVENIDA PERIMETRAL;S/N;JARDIM BELA VISTA
7705808;Caiu em cidade errada. Esperado: IBGE 251700;251700;CAPS I UMBUZEIRO;-7.6963035409;-35.6606930494;RUA RUI BARBOSA;S/N;CENTRO
7706464;Caiu em cidade errada. Esperado: IBGE 210315;210315;UNIDADE BASICA DE SAUDE INDIGINA AXINGUIRENDA;-2.7674779511;-46.1892700195;ALDEIA INDIGINA;S/N;ZONA RURAL
7707223;Caiu em cidade errada. Esperado: IBGE 315110;315110;PROGMED;-21.656;-42.346;DOS COQUEIROS;S/N;COELHO
7708874;Caiu em cidade errada. Esperado: IBGE 420950;420950;CONSULTORIO MEDICO DR YAMAMOTO MASSAJI;-26.9942515;-50.2666828;ROD SC 350;337;CENTRO
7709803;Caiu em cidade errada. Esperado: IBGE 354130;354130;MED RAD DIAGNOSTICOS POR IMAGEM LTDA;-21.6382817324;-52.2317504883;ANTONIO VENANCIO LOPES;942;CENTRO
7713746;Caiu em cidade errada. Esperado: IBGE 421020;421020;UNIDADE DE SAUDE NOVA GALICIA;-27.1924461;-48.7283671;ESTRADA GERAL NOVA GALICIA;S/N;NOVA GALICIA
7713762;Caiu em cidade errada. Esperado: IBGE 421020;421020;UNIDADE DE SAUDE BOA ESPERANCA;-27.257512;-49.396251;ESTRADA GERAL BOA ESPERANCA;S/N;BOA ESPERANCA
7713770;Caiu em cidade errada. Esperado: IBGE 421020;421020;UNIDADE DE SAUDE SALTO;-27.123466;-49.5623517;ESTRADA GERAL SALTO;S/N;SALTO
7714831;Caiu em cidade errada. Esperado: IBGE 171050;171050;VIGILANCIA EM SAUDE DE ITACAJA;-8.3909805;-47.768112;RUA DAMASCENO SANTOS;S/N;CENTRO
7718780;Caiu em cidade errada. Esperado: IBGE 510624;510624;POSTO DE SAUDE INDIGENA TUPARA;-12.3668317254;-54.6089172363;ALDEIA TUPARA;01;XINGU
7719221;Caiu em cidade errada. Esperado: IBGE 150375;150375;POSTO DE SAUDE CARLOS AUGUSTO ANDRADE CARDOSO;-6.8547931524;-56.4630832624;AVENIDA PRINCIPAL DA COMUNIDADE DE CABACAL;S/N;CENTRO
7721196;Caiu em cidade errada. Esperado: IBGE 150805;150805;POSTO DE SAUDE INDIGENA SAWRE MUYBU;-4.5698584027;-56.2632608414;ALDEIA SAWRE MUYBU;S/N;ZONA RURAL
7725760;Caiu em cidade errada. Esperado: IBGE 270590;270590;POSTO DE SAUDE MARABA;-10.0514359173;-36.7162173986;POVOADO MARABA;S/N;ZONA RURAL
7730233;Caiu em cidade errada. Esperado: IBGE 410260;410260;CLINICA FISIOPILATES;-26.2530112;-53.63828359999999;AVENIDA SANTA CATARINA;130;CENTRO
7737238;Caiu em cidade errada. Esperado: IBGE 261500;261500;CENTRO ESPECIALIZADO DE ATENDIMENTO ONDOTOLOGICO CEAO;-7.1132;-36.4948;ROD PE 130 KM 08;S/N;JUCA
7738005;Caiu em cidade errada. Esperado: IBGE 420670;420670;POLO ACADEMICO H OESTE;-27.1723172338;-51.4977693558;RUA SEVERINO GEMELLI;01;INTERIIOR
7760507;Caiu em cidade errada. Esperado: IBGE 260180;260180;POSTO DE SAUDE MALHADA DOS BOIS;-10.3432617;-36.9191654;MALHADA DOS BOIS;00;ZONA RURAL
7761902;Caiu em cidade errada. Esperado: IBGE 317210;317210;POSTO DE SAUDE SAO GERALDO;-21.46;-42.32;ESTRADA LEOPOLDINA;10;SAO GERALDO
7769040;Caiu em cidade errada. Esperado: IBGE 421227;421227;POSTO DE SAUDE ZUMBI DOS PALMARES;-26.7646941214;-52.0672988892;ZUMBI;S/N;ZUMBI
7770367;Caiu em cidade errada. Esperado: IBGE 270720;270720;UBS MIGUEL FERNANDES DE OLIVEIRA;-9.357197;-37.365088;POVOADO PEDRA DAGUA;01;ZONA RURAL
7773382;Caiu em cidade errada. Esperado: IBGE 350010;350010;CASA DE RECUPERACAO E REINTEGRACAO SOCIAL;-20.8897688;-49.8980639;ESTRADA MUNICIPAL;14;MONTE ALEGRE
7779690;Caiu em cidade errada. Esperado: IBGE 350220;350220;FADDA ANGATUBA;-23.6045023;-48.1300352;CHACARA NOVA VIDA;S/N;MARIANOS
7780818;Caiu em cidade errada. Esperado: IBGE 120060;120060;FARMACIA MUNICIPAL DE TARAUACA;-8.67891;-70.67891;RUA JOAO PESSOA;661;SENADOR POMPEU
7782748;Caiu em cidade errada. Esperado: IBGE 510775;510775;POSTO DE SAUDE VILA SAO JORGE;-15.748;-58.737;COMUNIDADE VILA SAO JORGE;S/N;ZONA RURAL
7785127;Caiu em cidade errada. Esperado: IBGE 150195;150195;UNIDADE DE SAUDE DA FAMILIA DO GUAJARA;-2.3287743;-46.6879298;GUAJARA;S/N;ZONA RURAL
7790937;Caiu em cidade errada. Esperado: IBGE 170900;170900;POSTO DE SAUDE SETOR BELMIRO;-7.7127140068;-47.3094570637;RUA 02;S/N;CENTRO
7796854;Caiu em cidade errada. Esperado: IBGE 412863;412863;UBS ANTONIO JOAO RYCCE;-24.7961434477;-49.2745614052;PR 092;S/N;BAIRRO DO TIGRE
7799160;Caiu em cidade errada. Esperado: IBGE 500345;500345;UNIDADE DE VIGILANCIA DE ZOONOSES;-22.582334;-54.361789;RUA MARIA ESTER DOS SANTOS;S/N;JARDIM AMERICA
7800339;Caiu em cidade errada. Esperado: IBGE 130270;130270;POLO BASE BOCA DO JAUARI;-0.325062;-64.224693;RIO MADEIRA ALDEIA BOCA DO JAUARI;S/N;ZONA RURAL
7802323;Caiu em cidade errada. Esperado: IBGE 315390;315390;LABORATORIO ATRIO;-19.9997876;-43.8369141;RODOVIA MG 030;165;AGUA LIMPA
7803605;Caiu em cidade errada. Esperado: IBGE 150550;150550;PSI ALDEIA CAJUEIRO;-2.1995;-47.353;ALDEIA CAJUEIRO;01;ZONA RURAL
7805616;Caiu em cidade errada. Esperado: IBGE 510706;510706;POSTO DE SAUDE INDIGENA KALAPALO;-12.9498011;-53.1518782;ALDEIA KALAPALO;0000000000;PARQUE XINGU
7815824;Caiu em cidade errada. Esperado: IBGE 430520;430520;ROS PROTESE DENTARIA;-8.8137173;-36.954107;PE TRAEZEL;39;IRMAO GABRIEL
7817207;Caiu em cidade errada. Esperado: IBGE 170625;170625;UPA UNIDADE DE PRONTO ATENDIMENTO DE CRIXAS;-14.5347046;-49.9605779;AVENIDA DAS NACOES UNIDAS;01;CENTRO
7830017;Caiu em cidade errada. Esperado: IBGE 410865;410865;UNIDADE DE SAUDE WAGNER;-25.150815;-51.048049;WAGNER;0;WAGNER
7830556;Caiu em cidade errada. Esperado: IBGE 231150;231150;POSTO DE SAUDE LAGOINHA;-4.0925684;-38.5106304;LAGOINHA;S/N;LAGOINHA
7836759;Caiu em cidade errada. Esperado: IBGE 150085;150085;POSTO DE SAUDE INDIGENA ALDEIA BAKAJA;-3.426852;-51.204963;ALDEIA BAKAJA;03;ZONA RURAL
7847882;Caiu em cidade errada. Esperado: IBGE 411140;411140;UNIDADE DE SAUDE CENTRAL;-24.5629919;-51.33175;RUA ROGACIANO ANTUNES RIBEIRO;1;CENTRO
7848412;Caiu em cidade errada. Esperado: IBGE 292340;292340;POSTO DE MEDICAMENTO FARMA VIDA;-13.9811401111;-43.3465254307;DISTRITO DE ESPRAIADO;S/N;ZONA RURAL
7854013;Caiu em cidade errada. Esperado: IBGE 210510;210510;FARMACIA BASICA DE ICATU;-2.7756651936;-44.0661084652;PRACA JERONIMO DE ALBUQUERQUE;S/N;CENTRO
7855036;Caiu em cidade errada. Esperado: IBGE 210465;210465;UNIDADE ODONTOLOGICA MOVEL DE GOV NEWTON NELLO;-3.26269;-45.40154;AV JK;S/N;CENTRO
7857357;Caiu em cidade errada. Esperado: IBGE 210250;210250;ACADEMIA DE SAUDE VIDA SAUDAVEL;-3.3201393378;-45.0118339062;RUA GRANDE;S/N;CENTRO
7858450;Caiu em cidade errada. Esperado: IBGE 160027;160027;PMLJ PS SAO FRANCISCO DO IRATAPURU;-0.2444450592;-53.2246398926;COMUNIDADE SAO FRANCISCO DO IRATAPURU;S/N;SAO FRANCISCO DO IRA
7858469;Caiu em cidade errada. Esperado: IBGE 160027;160027;PMLJ PS SANTO ANTONIO DA CACHOEIRA;-0.4257162977;-53.0529785156;COMUNIDADE SANTO ANTONIO DA CACHOEIRA;S/N;SANTO ANTONIO DA CAC
7865481;Fora do Brasil ou no mar;432147;UBS PORTO SOBERBO VILA;-27.2906898;-54.1725718;PORTO SOBERBO;120;PORTO SOBERBO
7866275;Caiu em cidade errada. Esperado: IBGE 211020;211020;UNIDADE BASICA DE SAUDE PLACA DE RECURSO;-3.0582391764;-44.3202209473;POVOADO PLACA DE RECURSO;S/N;PLACA DE RECURSO
7870450;Caiu em cidade errada. Esperado: IBGE 260105;260105;MAXCLINICA;-7.72281;-36.04135;RUA JOSE LUIZ DA SILVA;305;CENTRO
7870787;Caiu em cidade errada. Esperado: IBGE 354840;354840;CONSORCIO INTERMUNICIPAL DE SAUDE CIMSA;-21.2873862;-50.3404021;AVENIDA GOVERNADOR PEDRO DE TOLEDO;173;CENTRO
7871872;Caiu em cidade errada. Esperado: IBGE 354130;354130;LUDMILLA FABRICIO DA COSTA;-21.7421207896;-52.147808075;VITORIA;308;CENTRO
7873212;Fora do Brasil ou no mar;210710;UBS DE MATO GROSSO;-2.501;-44.0032;POVOADO MATO GROSSO;S/N;POVOADO MATO GROSSO
7877528;Caiu em cidade errada. Esperado: IBGE 330185;330185;PENSIONATO N S APARECIDA;-22.591289;-42.017323;AVENIDA CAFE FILHO;123;CITROLANDIA
7883579;Caiu em cidade errada. Esperado: IBGE 251630;251630;UNIDADE ANCORA SITIO PAU D ARCO;-7.832478999999999;-50.0399179;SITIO PAU D ARCO;S/N;ZONA RURAL
7894163;Caiu em cidade errada. Esperado: IBGE 150570;150570;UNIDADE BASICA DE SAUDE RIBEIRINHA PEDRO FERNANDES DE SOUZA;-1.18;-48.47;COMUNIDADE DO JAGARAJO;S/N;JAGARAJO
7903685;Caiu em cidade errada. Esperado: IBGE 170980;170980;VIGILANCIA SANITARIA DE IPUEIRAS;-11.2752762141;-48.4527057409;RUA SANTO ANTONIO;S/N;CENTRO
7904517;Caiu em cidade errada. Esperado: IBGE 354130;354130;PREVENCE SAUDE;-21.7231450497;-52.1713256836;RUA ANTONIO VENANCIO LOPES;741;CENTRO
7906315;Caiu em cidade errada. Esperado: IBGE 110010;110010;POSTO DE SAUDE ALDEIA LINHA 10;-10.4756585085;-64.7946166992;ALDEIA LINHA 10;S/N;LINHA 10
7917996;Caiu em cidade errada. Esperado: IBGE 110001;110001;POSTO DE SAUDE INDIGENA ALDEIA TRINDADE;-12.232654837;-62.6879882812;LH 47 5 RESERVA INDIGENA;S/N;RURAL
7918143;Caiu em cidade errada. Esperado: IBGE 110001;110001;POSTO DE SAUDE INDIGENA PALHAU;-12.050065023;-62.6193237305;ALDEIA RIO BRANCO RESERNA INDIGENA;S/N;ZONA RURAL
7918194;Caiu em cidade errada. Esperado: IBGE 110001;110001;POSTO DE SAUDE INDIGENA CAJUI I;-12.0124575146;-62.5506591797;ALDEIA RIO BRANCO RESERVA INDIGENA;S/N;ZONA RURAL
7920822;Caiu em cidade errada. Esperado: IBGE 330180;330180;MS ARTE DE FAZER SORRIR;-22.5500362248;-43.6780142784;RUA ALTO DA BOA VISTA;20;CENTRO
7925581;Caiu em cidade errada. Esperado: IBGE 270820;270820;POSTO DE SAUDE DE SUCUPIRA;-10.0722889042;-36.8100196123;POVOADO SUCUPIRA;S/N;ZONA RURAL
7925735;Caiu em cidade errada. Esperado: IBGE 270820;270820;POSTO DE SAUDE DE GIRAU DO ITIUBA;-10.1321545121;-36.7849838734;POVOADO GIRAU DO ITIUBA;S/N;ZONA RURAL
7946767;Caiu em cidade errada. Esperado: IBGE 351080;351080;NECI;-23.7998768;-46.0691315;SITIO DAS COVAS;S/N;ZONA RURAL
7954794;Caiu em cidade errada. Esperado: IBGE 270670;270670;AQUOFISIO;-9.615615;-35.7477947;SANTO ANTONIO;408;LOTEAMENTO VITORIA
7956533;Caiu em cidade errada. Esperado: IBGE 230837;230837;PRONTO ATENDIMENTO;-6.912351399999999;-38.32217139999999;BAIRRO DA BOA VISTA;S/N;BOA VISTA
7957459;Caiu em cidade errada. Esperado: IBGE 312770;312770;CLIMEP;-18.6811728;-41.1980076;CURITIBA;1079;SANTA TEREZINHA
7958498;Caiu em cidade errada. Esperado: IBGE 270235;270235;UNIDADE BASICA DE SAUDE JOSE SIMAO DE MELO;-9.5777478;-36.9870921;SITIO SERROTE;S/N;ZONA RURAL
7958919;Fora do Brasil ou no mar;261070;POLICLINICA BRASILEIRA;-7.918524799999999;-34.8209607;MILTON SOUZA LOPES;206;CENTRO
7984553;Caiu em cidade errada. Esperado: IBGE 317160;317160;UNIDADE BASICA DE SAUDE DE CANSANCAO;-17.809;-43.342;COMUNIDADE CANSANCAO;S/N;ZONA RURAL
7985088;Caiu em cidade errada. Esperado: IBGE 431030;431030;ACADEMIA DE SAUDE;-29.751071;-51.1491189;RUA 7 DE ABRIL;10;CENTRO
7990006;Fora do Brasil ou no mar;270470;CENTRAL DE ABASTECIMENTO FARMACEUTICO CAF;-9.4545211;-35.5230371;RODOVIA AL 215;S/N;DENILSON AMORIM
8013608;Caiu em cidade errada. Esperado: IBGE 211170;211170;U B S S FRANCISCO DE HONORIO PSF;-2.9489524;-44.1546066;POVOADO DE PALMEIRALZINHO;S/N;ZONA RURAL
8014078;Caiu em cidade errada. Esperado: IBGE 521460;521460;CLINICA RADIOLOGICA NIQUELANDIA;-13.7818036;-47.2685497;AVN 7 DE SETEMBRO COM AVN GOIAS;S/N;CENTRO
8015031;Caiu em cidade errada. Esperado: IBGE 292750;292750;POSTO DE MEDICAMENTO SAO NICOLAU;-11.835819;-39.064464;DA MATRIZ;S/N;SAO NICOLAU
8016275;Caiu em cidade errada. Esperado: IBGE 280740;280740;CONSULTORIO ODONTOLOGICO COLEGIO ESTADUAL TOBIAS BARRETO;-11.188941;-38.0018925;AV GETULIO VARGAS;S/N;CENTRO
8023115;Caiu em cidade errada. Esperado: IBGE 330330;330330;DENTAL HEALTH;-22.827127397;-43.0516504599;RUA CORONEL MOREIRA CESAR;160;ICARAI
8026823;Caiu em cidade errada. Esperado: IBGE 130083;130083;PS JACAREZINHO;-2.978875;-61.309429;COMUNIDADE JACAREZINHO;S/N;ZONA RURAL
8027080;Caiu em cidade errada. Esperado: IBGE 316560;316560;LABORATORIO DR LINDEMBERG;-21.7988953828;-42.9798895383;ANTONIO SOUZA RABELO;377;CENTRO
8030278;Caiu em cidade errada. Esperado: IBGE 312900;312900;VACIMOVEL;-21.0081999;-42.008;MOVEL;0;0
8041849;Caiu em cidade errada. Esperado: IBGE 310285;310285;INTEGRAR SAUDE ESPECIALIZADA;-17.43368374;-42.162446673;ANTONIO DIAS;54;CENTRO
8042675;Caiu em cidade errada. Esperado: IBGE 430580;430580;PIETROBELLI NASCIMENTO LTDA;-27.7503972723;-52.9186615865;LINHA BELLI;3010;RURAL
8049580;Fora do Brasil ou no mar;240895;FARMAVIDA;-4.151287;-35.714969;PRAIA ZUMBI;9869;CENTRO
8060363;Caiu em cidade errada. Esperado: IBGE 510183;510183;DROGARIA AGUA LIMPA;-13.4049200451;-54.7538852692;FERRUCIO;S/N;DIST AGUA LIMPA
8085366;Caiu em cidade errada. Esperado: IBGE 521308;521308;PSICOLOGA LETICIA BARROS LTDA;-13.04044;-48.09549;09;446;CENTRO
8085390;Caiu em cidade errada. Esperado: IBGE 330330;330330;SONUS FETAL;-22.8271273766;-43.0517362901;R CORONEL MOREIRA CESAR;160;ICARAI
8093423;Caiu em cidade errada. Esperado: IBGE 320250;320250;LUISA SDA SERVICOS MEDICO LTDA;-19.7626475;-40.3930144;DAS ORQUIDEAS;80;COLINA
8096821;Caiu em cidade errada. Esperado: IBGE 354130;354130;INSTITUTO DALTON SALOMAO;-21.8522580705;-51.8290328979;JOSE DE OLIVEIRA;1372;VILA ESPERANCA
8098018;Caiu em cidade errada. Esperado: IBGE 130330;130330;UNIDADE BASICA DE SAUDE RURAL RAIMUNDO DO NASCIMENTO;-4.895198;-60.195003;COMUNIDADE SAO LUIZ;S/N;BAIXO RIO MADEIRA
8103933;Caiu em cidade errada. Esperado: IBGE 350130;350130;VIGILANCIA SANITARIA;-22.1236287;-51.3870062;RUA PRESIDENTE ROOSEVELT;49;CENTRO
8109702;Fora do Brasil ou no mar;431560;GAP GRUPO DE ANESTESIA PRIVADA LTDA;-32.0491809606;-52.114280173;PRESIDENTE VARGAS;503;SAO PAULO
8109982;Fora do Brasil ou no mar;431560;PORTO DA FISIOTERAPIA LTDA;-32.0489942729;-52.1132946577;PRESIDENTE VARGAS;501;SAO PAULO
8110107;Fora do Brasil ou no mar;431560;RSWOMAN LTDA;-32.0333137971;-52.1105987533;PORTUGAL;126;CIDADE NOVA
8113491;Caiu em cidade errada. Esperado: IBGE 354130;354130;MARIA LUISA PIMENTEL OLIVEIRA;-21.6165793367;-52.294921875;MATO GROSSO;1039;VILA CRUZEIRO DO SUL
8121486;Caiu em cidade errada. Esperado: IBGE 290860;290860;CAPS I CONDE;-12.812431;-38.6084719;CENTRO;00;CENTRO
8126844;Caiu em cidade errada. Esperado: IBGE 290860;290860;FARMACIA BASICA;-12.7996915;-38.6202184;CENTRO;S/N;CENTRO
9009671;Caiu em cidade errada. Esperado: IBGE 330330;330330;CLINICA ESPACO POTENCIAL;-22.8228999;-43.379729;RUA CEL MOREIRA CESAR;229;ICARAI
9010432;Caiu em cidade errada. Esperado: IBGE 311940;311940;DRA MARIANE FRANCO;-19.552444;-42.61995;DOUTOR JOSE DE MAGALHAES PINTO;1813;GIOVANINI
9014519;Caiu em cidade errada. Esperado: IBGE 352900;352900;CONSULTORIO DRA AMANDA GARCIA ALVES MALIZA;-23.1990144;-49.3811905;RUA 15 DE NOVEMBRO;129;BARBOSA
9016880;Caiu em cidade errada. Esperado: IBGE 150497;150497;UNIDADE BASICA DE SAUDE VITORIA;-20.3196711;-40.3385246;ASSENTAMENTO LOGO AZUL;001;ZONA RURAL
9018212;Caiu em cidade errada. Esperado: IBGE 171830;171830;UNIDADE DE SAUDE RAIMUNDO MARINHO ARAUJO;-5.4430729554;-47.6456451416;POVOADO JATOBAL;00;ZONA RURAL
9021167;Caiu em cidade errada. Esperado: IBGE 320334;320334;CLIMLAB LABORATORIO DE ANALISES CLINICAS;-20.513;-40.783;RODOVIA FRANCISCO STOCKL;S/N;SANTA MARIA
9022422;Caiu em cidade errada. Esperado: IBGE 240725;240725;UNIDADE BASICA DE SAUDE ERISMINA CARLOS FERNANDES;-6.241475;-38.19257;RUA FRANCISCO ANDRE DE MORAIS;S/N;CENTRO
9029796;Caiu em cidade errada. Esperado: IBGE 170210;170210;MR SERVICOS MEDICOS;-7.1128;-48.1225;NEBLINA;775;LOTEAMENTO ALASKA
9031251;Caiu em cidade errada. Esperado: IBGE 355570;355570;ACADEMIA DE SAUDE SILVANA PICOLO ROMERA;-20.531339;-49.5348644;RUA DOS LIRIOS;S/N;JARDIM DAS FLORES
9038329;Caiu em cidade errada. Esperado: IBGE 430620;430620;UNIDADE BASICA DO PASSO DE ESTRELA;-29.49669;-51.97511;RUA 12 DE OUTUBRO;230;PASSO DE ESTRELA
9051023;Caiu em cidade errada. Esperado: IBGE 292270;292270;USF BARRO BRANCO;-14.5213;-40.1446;FAZENDA BARRO BRANCO;00;ZONA RURAL
9052380;Caiu em cidade errada. Esperado: IBGE 520540;520540;IMMACULATA RISO;-15.3083983;-49.6777132;RUA 07 DE SETEMBRO;140;CENTRO
9061703;Caiu em cidade errada. Esperado: IBGE 261153;261153;EQUIPE EMULTI ESTRATEGICO;-7.43687;-37.49779;PRACA ANTONIO MARINHO;100;CENTRO
9065881;Caiu em cidade errada. Esperado: IBGE 270170;270170;REABILITA FISIO;-9.5744405;-35.7416196;RUA PROFESSOR ROCHA;680;CENTRO
9098887;Fora do Brasil ou no mar;431560;TRANSPETRO;-32.0407893;-52.1016953;SEGUNDA SECCAO DA BARRA;S/N;DISTRITO INDUATRIAL
9102493;Caiu em cidade errada. Esperado: IBGE 351750;351750;UNIDADE BASICA DE SAUDE CENTRO;-22.3288102;-49.0792414;RUA XV DE NOVEMBRO;358;CENTRO
9112618;Caiu em cidade errada. Esperado: IBGE 354130;354130;CENTRO DE ATENCAO PSICOSSOCIAL SAO LUCAS;-21.6657242101;-52.1260070801;RUA MANAUS;550;CENTRO
9114122;Caiu em cidade errada. Esperado: IBGE 311940;311940;LABORATORIO ARAUJO UNIDADE COLETA II ALBERT SABIN;-19.53635;-42.60875;RUA ARGEMIRO JOSE RIBEIRO;42;CENTRO
9118160;Caiu em cidade errada. Esperado: IBGE 412230;412230;FREITAS SERVICOS DE SAUDE;-26.1087904641;-49.7996192471;RIACHUELO;186;CENTRO
9118993;Caiu em cidade errada. Esperado: IBGE 110011;110011;LABORATORIO MATER DEI;-9.8704492;-62.178516;AVENIDA MARECHAL RONDON;3061;CENTRO
9129243;Caiu em cidade errada. Esperado: IBGE 330330;330330;KYBURZ CONSULTORIA E SERVICOS MEDICOS EIRELI;-22.8244802;-43.3781911;RUA CEL MOREIRA CESAR;26;ICARAI
9132643;Caiu em cidade errada. Esperado: IBGE 310050;310050;ANEXO CERESP IPATINGA ACUCENA;-19.4722733;-42.5503593;RUA PEDRO GONCALVES DE MAGALHAES;S/N;CENTRO
9145974;Caiu em cidade errada. Esperado: IBGE 230426;230426;CENTRAL DE ASSISTENCIA FARMACEUTICA;-5.2139299;-39.6674898;RUA ALVARO RICARTE;S/N;CENTRO
9157077;Caiu em cidade errada. Esperado: IBGE 292900;292900;CAF DE SAO FELIX;-13.3712297;-39.0695006887;PRACA DA BANDEIRA;01;CENTRO
9162976;Caiu em cidade errada. Esperado: IBGE 330200;330200;C D L CENTRO DE DIAGNOSTICO LIEN LTDA ME;-22.8222;-43.7222;NOSSA SENHORA DA GLORIA;S/N;MONTE SERRAT
9165657;Caiu em cidade errada. Esperado: IBGE 251310;251310;POSTO DE SAUDE DA PREGUICA;-7.35309;-35.46709;SITIO PREGUICA;S/N;SITIO
9170219;Caiu em cidade errada. Esperado: IBGE 140015;140015;POLO BASE INDIGENA MALACACHETA;-17.8442329;-42.0789785;COMUNIDADE INDIGENA MALACACHETA;S/N;RURAL
9171932;Caiu em cidade errada. Esperado: IBGE 355280;355280;CLINICA VIDA;-23.610132448;-46.7558383599;RUA ENGENHEIRO WILSON HOUCK;82;JARDIM JARDIM DA GLO
9172467;Caiu em cidade errada. Esperado: IBGE 260260;260260;USF TERRAO II;-8.1481992;-36.669305;RUA JOSE MARQUES DE OLIVEIRA;S/N;CENTRO
9177566;Caiu em cidade errada. Esperado: IBGE 270210;270210;POLO ACADEMIA DA SAUDE;-8.9086879059;-35.7236766815;PRACA DOM PEDRO II;S/N;CENTRO
9177590;Caiu em cidade errada. Esperado: IBGE 270210;270210;CAPS AD;-8.909;-35.725;CENTRO;S/N;CENTRO
9183744;Caiu em cidade errada. Esperado: IBGE 270180;270180;UBS CARNEIROS;-9.1458261;-37.8345287;RUA DO COMERCIO;S/N;CENTRO
9184775;Caiu em cidade errada. Esperado: IBGE 354130;354130;GOU CLINICAS;-21.7432369316;-52.1112442017;PARANA;183;CENTRO
9186468;Caiu em cidade errada. Esperado: IBGE 240050;240050;UNIDADE BASICA DE SAUDE CASTELIANO;-6.202;-37.561;SITIO CASTELIANO;S/N;ZONA RURAL
9194738;Caiu em cidade errada. Esperado: IBGE 312710;312710;CESAT CENTRO DE SAUDE E ASSISTENCIA SOCIAL DO TRIANGULO;-19.5362179;-49.4953795;AVENIDA BRASIL;70;CENTRO
9198784;Caiu em cidade errada. Esperado: IBGE 250360;250360;LABORATORIO DE ANALISES CLINICAS DE CAICARA MARIA A VIEIRA;-6.61553;-35.46766;AVENIDA RIO BRANCO;S/N;CENTRO
9202463;Caiu em cidade errada. Esperado: IBGE 315780;315780;CATIZANE ODONTOLOGIA;-19.5183754786;-44.033203125;BRASILIA;1987;DUQUESA I SAO BENED
9211411;Caiu em cidade errada. Esperado: IBGE 280250;280250;ACADEMIA DE SAUDE JOSE FRANCISCO SANTOS ZE PINA;-10.6715482298;-36.9872741652;PRACA SAO FRANCISCO;S/N;CENTRO
9216111;Caiu em cidade errada. Esperado: IBGE 210510;210510;UOM DE ICATU;-2.776;-44.066;UNIDADE MOVEL;S/N;CENTRO
9217606;Caiu em cidade errada. Esperado: IBGE 251100;251100;POSTO ANCORA DO SITIO GENIPAPEIRO;-6.5452579;-38.0360769;SITIO GENIPAPEIRO;S/N;ZONA RURAL
9220275;Caiu em cidade errada. Esperado: IBGE 291915;291915;CLIRFIPE CLINICA DE RECUPERACAO;-11.3590645256;-41.8381690979;JOSE VITOR DE CARVALHO;33;CENTRO
9228136;Caiu em cidade errada. Esperado: IBGE 293220;293220;UNIDADE DE VIGILANCIA SANITARIA;-14.3136228959;-39.3216776848;RUA VASCO NETO;S/N;CENTRO
9230939;Caiu em cidade errada. Esperado: IBGE 351070;351070;ACOLHER ESPACO TERAPEUTICO;-20.5610655371;-48.583837763;FABIO JUNQUEIRA FRANCO;1227;CENTRO
9231498;Caiu em cidade errada. Esperado: IBGE 140040;140040;UNIDADE DE APOIO INDIGENA SERRA GRANDE;-7.2137528;-38.3698555;COMUNIDADE INDIGENA SERRA GRANDE;S/N;RURAL
9235329;Caiu em cidade errada. Esperado: IBGE 313420;313420;FAZENDA DO SENHOR JESUS;-17.9977841684;-49.4494808328;ESTRADA DA MARIA GOMES;S/N;NOVO TEMPO II
9236368;Caiu em cidade errada. Esperado: IBGE 220750;220750;UNIDADE ODONTOLOGICA MOVEL DE PALMEIRAIS;-5.978;-43.063;PRACA CENTRAL;S/N;CENTRO
9238530;Fora do Brasil ou no mar;500660;DIFERENCIAL PSICOLOGIA;-22.547711;-55.726794;PRESIDENTE VARGAS;13;CENTRO
9238832;Caiu em cidade errada. Esperado: IBGE 140045;140045;UNIDADE DE APOIO INDIGENA SANTA IZABEL;-23.3166034;-46.2261354;COMUNIDADE INDIGENA SANTA IZABEL;S/N;RURAL
9239693;Caiu em cidade errada. Esperado: IBGE 172110;172110;VIGILANCIA EM SAUDE DE TOCANTINIA;-9.984;-48.479;RUA DORIVAL ALENCAR;S/N;VILA JACO
9240462;Caiu em cidade errada. Esperado: IBGE 240390;240390;POSTO DE SAUDE DA ARUEIRA;-6.442;-38.71;ARUEIRA;S/N;ZONA RURAL
9241159;Caiu em cidade errada. Esperado: IBGE 313300;313300;CACI SERVICOS MEDICOS DR BETO E DR CIRO;-22.3;-44.9;GOVERNADOR VALADARES;210;CENTRO
9241744;Caiu em cidade errada. Esperado: IBGE 351060;351060;PROJETO ACOLHER DO MUNICIPIO DE CARAPICUIBA;-23.5215303;-46.8565753;ALAMEDAS DO LIRIOS;S/N;VL SUL AMERICA
9246347;Caiu em cidade errada. Esperado: IBGE 520540;520540;JESSICA ODONTOLOGIA;-15.3359569;-49.1285841;8;S/N;NOVA ESPERANCA
9247912;Fora do Brasil ou no mar;330330;AG SERVICOS MEDICOS;-22.906084;-43.112184;RUA CORONEL MOREIRA CESAR;160;ICARAI
9252150;Caiu em cidade errada. Esperado: IBGE 312770;312770;ENGESEG SAUDE OCUPACIONAL;-19.496089;-41.0772277;BRASIL;2595;CENTRO
9256172;Caiu em cidade errada. Esperado: IBGE 330330;330330;ICATH SERVICOS MEDICOS LTDA;-22.8265228327;-43.0517443333;CORONEL MOREIRA CESAR;229;ICARAI
9263241;Caiu em cidade errada. Esperado: IBGE 292950;292950;POSTO DE SAUDE DO MASSAPE;-3.526268;-40.3421014;POVOADO DO MASSAPE;S/N;ZONA RURAL
9267433;Caiu em cidade errada. Esperado: IBGE 240725;240725;UNIDADE BASICA DE SAUDE DE FZENDA NOVA;-6.25224;-38.193387;SITIO FAZENDA NOVA;S/N;ZONA RURAL
9268030;Caiu em cidade errada. Esperado: IBGE 350320;350320;OSTEOVITA;-21.7317395;-48.111844;JOSE ZILIOLI;807;VILA SEDENHO
9275983;Caiu em cidade errada. Esperado: IBGE 280070;280070;POSTO DE SAUDE MARIA CRISTINA LIMA REZENDE MACHADO;-10.5185307807;-36.5154647827;POVOADO CARAPITANGA;S/N;POV CARAPITANGA
9277552;Caiu em cidade errada. Esperado: IBGE 270210;270210;BIOLAB;-8.909;-35.725;RUA LUZIA PEDROSA;571;CENTRO
9288740;Caiu em cidade errada. Esperado: IBGE 150550;150550;PSI ALDEIA XIEPIHURENA;-2.19951;-47.1353;ALDEIA XIEPIHURENA;S/N;ZONA RURAL
9289828;Caiu em cidade errada. Esperado: IBGE 316620;316620;UAPS PADRE LUIZ PINHEIRO;-21.0141125;-43.3457236;RUA DOS EXPEDICIONARIOS;01;CENTRO
9305904;Caiu em cidade errada. Esperado: IBGE 210060;210060;POSTO ABILIO BRITO;-5.22054;-46.238084;ZONA RURAL;S/N;ZONA RURAL
9310940;Caiu em cidade errada. Esperado: IBGE 270130;270130;NEW DENT CLINICA ODONTOLOGICA;-9.9086359;-36.3492912;RUA JACINTO GERONIMO DA SILVA;98;CENTRO
9325158;Caiu em cidade errada. Esperado: IBGE 310420;310420;ASCOVI;-20.32818;-45.610517;FAZENDA CORUMBA;S/N;ZONA RURAL
9334025;Caiu em cidade errada. Esperado: IBGE 293220;293220;ACADEMIA SIMILAR;-14.314834;-39.3232941;BEIRA RIO;100;CENTRO
9335382;Caiu em cidade errada. Esperado: IBGE 140045;140045;POSTO DE SAUDE INDIGENA LAGO VERDE;-4.0417277;-44.9351134;COMUNIDADE INDIGENA LAGO VERDE;S/N;RURAL
9335404;Caiu em cidade errada. Esperado: IBGE 140045;140045;POSTO DE SAUDE INDIGENA MATO GROSSO;-12.6818712;-56.921099;COMUNIDADE INDIGENA MATO GROSSO;S/N;RURAL
9335854;Caiu em cidade errada. Esperado: IBGE 520780;520780;CSI CENTRO DE SAUDE INTEGRADO;-16.4153694705;-50.166041851;GOIANIA;423;SETOR CENTRAL
9339132;Caiu em cidade errada. Esperado: IBGE 350520;350520;CONSULTORIO MEDICO DE PEDIATRIA;-22.433;-48.4417;AV TENENTE PELICIOTTI;734;CENTRO
9341048;Caiu em cidade errada. Esperado: IBGE 171620;171620;POSTO DE SAUDE CAMPO ALEGRE DE PARANA;-13.116;-47.465;POVOADO CAMPO ALEGRE;210;ZONA RURAL
9355006;Caiu em cidade errada. Esperado: IBGE 430350;430350;SABIO SOARES E P P M ENFERMAGEM E APOIO A SAUDE LTDA ME;-30.7100318;-52.1049559;COLOMBIA;2343;FLORESTA
9360182;Caiu em cidade errada. Esperado: IBGE 330330;330330;ANGIOMED VASCULARES ASSOCIADOS;-22.8244802;-43.3781911;RUA CEL MOREIRA CESAR;26;ICARAI
9363459;Caiu em cidade errada. Esperado: IBGE 315110;315110;CORPO EM MOVIMENTO;-21.6559358345;-42.3453097329;PRACA SANTANNA;56;CENTRO
9363998;Fora do Brasil ou no mar;431190;CONSULTORIO FISIOTERAPIA E PILATES DIANA MENEGOTTO;-22.9068467;-43.1728965;PRACA RIO DE JANEIRO;31;CENTRO
9368132;Caiu em cidade errada. Esperado: IBGE 280290;280290;UOM UNIDADE MOVEL ODONTOLOGICA DE ITABAIANA;-9.8602001;-37.7708344287;POVOADO QUEIMADAS;S/N;ZONA RURAL
9380442;Caiu em cidade errada. Esperado: IBGE 250220;250220;CENTRO DE REABILITACAO DE BOM JESUS;-6.8134964287;-38.6531826854;FIRMINO DE BRITO LIRA;S/N;ASA BRANCA
9388168;Caiu em cidade errada. Esperado: IBGE 350280;350280;INSTITUTO NOROESTE SERVICOS DE ENDOSCOPIA;-20.8503107;-50.0908622;MATO GROSSO;400;VILA MENDONA
9401725;Caiu em cidade errada. Esperado: IBGE 292660;292660;UNIDADE DE SAUDE DA FAMILIA DO BAIRRO DA CAIXA DAGUA;-12.9574024;-38.4934724;BAIRRO DA CAIXA DAGUA;S/N;CAIXA DAGUA
9412441;Caiu em cidade errada. Esperado: IBGE 270470;270470;POSTO DE SAUDE DO RIACHO VELHO;-9.224411856;-35.3503198624;POVOADO RIACHO VELHO;S/N;RIACHO VELHO
9425438;Caiu em cidade errada. Esperado: IBGE 280060;280060;DOCTORFISIO;-10.9075694;-37.0386249;M;46;CENTRO
9425640;Caiu em cidade errada. Esperado: IBGE 130240;130240;POLO BASE CASA NOVA;-7.3333443;-63.9959100593;TERRA INDIGENA;S/N;ZONA RURAL
9427104;Caiu em cidade errada. Esperado: IBGE 130240;130240;UNIDADE BASICA DE SAUDE INDIGENA IRMA CLEUSA;-7.415586;-64.333345;RIO MARI;S/N;ZONA RURAL
9427171;Caiu em cidade errada. Esperado: IBGE 130240;130240;POLO BASE IMINAA;-7.164465;-64.475106;TERRA INDIGENA RIO ITUXI;S/N;ZONA RURAL
9428801;Caiu em cidade errada. Esperado: IBGE 421790;421790;POSTO DE SAUDE BELA VISTA DE TANGARA;-27.5950396;-48.61376809999999;SAO JOSE;01;CENTRO
9440038;Caiu em cidade errada. Esperado: IBGE 270010;270010;POSTO DE SAUDE LAGOA DAS PEDRAS;-9.1543;-37.5617;SITIO LAGOA DAS PEDRAS;S/N;ZONA RURAL
9440313;Caiu em cidade errada. Esperado: IBGE 250855;250855;FARMACIA BASICA MUNICIPAL DE LOGRADOURO;-6.3651384041;-35.2635490894;RUA CLAUDIONOR PEREIRA DA SILVA;S/N;CENTRO
9461698;Caiu em cidade errada. Esperado: IBGE 210150;210150;ACADEMIA DE SAUDE DE BARAO DE GRAJAU;-6.761072503;-43.0261462927;PRACA DA VITORIA;S/N;CENTRO
9470786;Caiu em cidade errada. Esperado: IBGE 260320;260320;UNIDADE DE SAUDE DA FAMILIA DO SITIO BARRIGUDA;-9.36921;-37.2598;SITIO BARRIGUDA;S/N;ZONA RURAL
9471723;Caiu em cidade errada. Esperado: IBGE 250190;250190;UNIDADE ANCORA CAICARINHA;-6.462186;-35.295198;SITIO CAICARINHA;S/N;ZONA RURAL
9471774;Caiu em cidade errada. Esperado: IBGE 250190;250190;UNIDADE ANCORA SABOEIRO;-6.414516;-35.291879;SITIO SABOEIRO;S/N;ZONA RURAL
9485333;Caiu em cidade errada. Esperado: IBGE 421360;421360;EXAME LABORATORIO CLINICO;-26.2339393;-51.08546639999999;GETULIO VARGAS;55;CENTRO
9495398;Caiu em cidade errada. Esperado: IBGE 293260;293260;PSF DR ANTONIO ALBERTO SILVEIRA SANTOS;-14.8749240029;-42.5633024216;RUA A;23;DIOGENES BALEEIRO
9506160;Caiu em cidade errada. Esperado: IBGE 150810;150810;UNIDADE DE SAUDE DA FAMILIA SAO VICENTE;-3.5284987323;-49.7562217712;RODOVIA TRANSBONJESUS KM 50;S/N;ZONA RURAL
9518878;Caiu em cidade errada. Esperado: IBGE 170950;170950;TRAMONTINI RAIO X;-11.8673509115;-48.1860351562;RUA 04;449;WALDIR LINS I
9520880;Caiu em cidade errada. Esperado: IBGE 312770;312770;ODONTOCLINIC;-18.7768644978;-42.9364264011;BARAO DO RIO BRANCO;144;CENTRO
9528660;Caiu em cidade errada. Esperado: IBGE 251593;251593;FARMACIA BASICA DO MUNICIPIO DE SERTAOZINHO;-6.7553048;-35.441185;RUA JOSE SOARES DE SENA;S/N;CENTRO
9542949;Caiu em cidade errada. Esperado: IBGE 240410;240410;UNIDADE BASICA DE SAUDE ANTONIO PEDRO DE LIMA;-5.16897;-36.7464;PROJETADA;S/N;CENTRO
9545662;Caiu em cidade errada. Esperado: IBGE 311360;311360;FARMACIA DE MINAS CAREACU;-22.041154;-45.694783;RUA NELSON LEITE LEMES;105;NOVO HORIZONTE
9549692;Caiu em cidade errada. Esperado: IBGE 150600;150600;LOB FORTE;-1.482706;-53.2849;RUA BARAO DO RIO BRANCO;S/N;CENTRO
9560831;Caiu em cidade errada. Esperado: IBGE 355370;355370;CASA TAQUARITINGA;-21.189;-48.1414;RODOVIA CARLOS TONANI KM140;S/N;X X X X X X
9565523;Caiu em cidade errada. Esperado: IBGE 420820;420820;CENTRO MEDICO LITORAL NORTE;-27.24863;-48.64279;QUINZE DE NOVEMBRO;301;CENTRO
9579176;Caiu em cidade errada. Esperado: IBGE 270210;270210;LACLIN ANALISES E DIAGNOSTIOCOS;-8.909;-35.725;RUA PADRE FRANCISCO;166;CENTRO
9583785;Caiu em cidade errada. Esperado: IBGE 510270;510270;POSTO DE SAUDE INDIGENA ALDEIA TANGURO;-12.5981851;-52.9237359;ALDEIA TANGURO;S/N;RURAL
9588418;Caiu em cidade errada. Esperado: IBGE 430440;430440;DESAFIO JOVEM;-29.2552;-50.4829;GERAL DE QUILOMBO;3248;LINHA QUILOMBO
9591095;Caiu em cidade errada. Esperado: IBGE 311060;311060;CLINIC DENTAL;-22.3703;-46.0328;RUA MJ HEGINO CESAR;173;JARDIM SAO BENEDITO
9595260;Fora do Brasil ou no mar;420600;UNIDADE DE SAUDE DA FAMILIA CANTO DOS GANCHOS;-27.315817;-48.577844;RUA HIPOLITO DE AZEVEDO;70;CANTO DOS GANCHOS
9596100;Fora do Brasil ou no mar;330330;LUZIA HADJ SERVICOS MEDICOS;-22.9066929;-43.110635;CORONEL MOREIRA CESAR;229;ICARAI
9598200;Caiu em cidade errada. Esperado: IBGE 292610;292610;UNIDADE SAUDE DA FAMILIA CECILIA SANTIAGO;-11.300748;-39.26064;RETIRO VELHO;S/N;RETIRO VELHO
9612629;Caiu em cidade errada. Esperado: IBGE 241410;241410;CEO TENENTE ANANIAS;-6.285;-38.103;RUA JOSE MOREIRA PINTO;S/N;PROJETO CRESCER
9624945;Caiu em cidade errada. Esperado: IBGE 354130;354130;NAYDA MANGOLIN FIORAVANTI;-21.6574281974;-52.1369934082;ANTONIO VENANCIO LOPES;340;CENTRO
9636455;Caiu em cidade errada. Esperado: IBGE 292010;292010;POSTO DE SAUDE DA FEIRA DO ROLO;-11.871214708;-40.2005195618;FAZENDA FEIRA DO ROLO;S/N;FAZENDA
9636900;Caiu em cidade errada. Esperado: IBGE 520740;520740;ALTO PADRAO LABORATORIO;-17.202;-49.5552;ED PONTAL ALEGRETE;S/N;CENTRO
9640002;Caiu em cidade errada. Esperado: IBGE 110009;110009;UBSI DA ALDEIA TENENTE MARQUES JOAO;-11.3129469042;-61.0467767715;ALDEIA TENENTE MARQUES JOAO;S/N;ZONA RURAL
9640045;Caiu em cidade errada. Esperado: IBGE 110009;110009;UBSI DA ALDEIA CAPITAO CARDOSO TONHAO;-11.313052108;-61.0468196869;ALDEIA CAPITAO CARDOSO TONHAO;S/N;ZONA RURAL
9640363;Caiu em cidade errada. Esperado: IBGE 412230;412230;ESPACO BEM VIVER;-26.1075760044;-49.7981688838;FRANCISCO TABORDA RIBAS;8;CENTRO
9643281;Caiu em cidade errada. Esperado: IBGE 110009;110009;UBSI DA ALDEIA CAPITAO CARDOSO SAPECADO;-11.3129469042;-61.0467553139;ALDEIA CAPITAO CARDOSO SAPECADO;S/N;ZONA RURAL
9648127;Caiu em cidade errada. Esperado: IBGE 411885;411885;CASTROCLINICA;-23.5039;-53.1825;PALMITAL;1131;CENTRO
9649573;Caiu em cidade errada. Esperado: IBGE 110120;110120;POSTO DE SAUDE ALDEIA LINHA 07 PAYAMA;-11.029;-61.411;ALDEIA LH07;S/N;ZONA RURAL
9650067;Caiu em cidade errada. Esperado: IBGE 330180;330180;FARMACIA MUNICIPAL EVANDRO DE CARVALHO MATA;-22.5499371391;-43.6779499054;ESTRADA DE SACRA FAMILIA;1807;AGUADA
9671242;Caiu em cidade errada. Esperado: IBGE 330180;330180;PRONTO SOCORRO CIDADE VERDE 24 HORAS;-22.5498380534;-43.6777353287;ESTRADA DO BONFIM;270;MORRO AZUL
9678328;Caiu em cidade errada. Esperado: IBGE 171190;171190;ASSOCICAO DE PAIS E AMIGOS DOS EXCEPCIONAIS DE LAGOA DA CON;-10.4735695994;-49.372344017;RUA 07 DE SETEMBRO;S/N;CENTRO
9678387;Caiu em cidade errada. Esperado: IBGE 231190;231190;POSTO DE SAUDE SACO DOS ANTUNES;-6.6908640708;-39.8474121094;SACO DOS ANTUNES;S/N;ZONA RURAL
9686193;Caiu em cidade errada. Esperado: IBGE 290790;290790;UNIDADE BASICA DE SAUDE VITORIA;-11.4;-38.51788;RUA CARAMBOLA;S/N;VITORIA
9691626;Caiu em cidade errada. Esperado: IBGE 530010;530010;RAV;-15.46358;-48.713321;RURAL ALEXANDRE GUSMAO GLEBA 03 LOTE 369;03;CEILANDIA
9692665;Caiu em cidade errada. Esperado: IBGE 290390;290390;STCO SERVICOS MEDICOS;-13.3785623;-43.535242;R S;7;L
9696709;Caiu em cidade errada. Esperado: IBGE 350320;350320;GASTROCENTRO SERVICOS MEDICOS AMBULATORIAIS E HOSPITALARES;-21.7317395;-48.111844;JOSE ZILIOLI;807;VILA SEDENHO
9705791;Fora do Brasil ou no mar;210370;POSTO DE SAUDE DE MIRINZAL;-1.3202786;-44.8266695;POVOADO DE MIRINZAL;S/N;ZONA PRAIANA
9714553;Fora do Brasil ou no mar;250320;CLINICA ODONTOLOGICA DE CABEDELO;-6.9811194906;-34.8339879513;GETULIO VARGAS;91;CENTRO
9718036;Caiu em cidade errada. Esperado: IBGE 261640;261640;MONDELEZ NORTE NORDESTE;-8.1384260033;-35.3365802765;LUIZ GONZAGA BR 232;S/N;ZONA RURAL
9718370;Caiu em cidade errada. Esperado: IBGE 520140;520140;MAIS SAUDE;-16.742619;-49.277694;RIO VERDE;S/N;VILA SAO TOMAZ
9718907;Caiu em cidade errada. Esperado: IBGE 230780;230780;CENTRO DE SAUDE DA FAMILIA JOAO ARISTON DIAS;-3.121521;-40.062346;SAO GERALDO;S/N;SAO GERALDO
9718915;Caiu em cidade errada. Esperado: IBGE 240800;240800;UBS PAU BRANCO;-5.8989943;-36.7775313;ASSENTAMENTO;S/N;PAU BRANCO
9730796;Caiu em cidade errada. Esperado: IBGE 220750;220750;ACADEMIA DE SAUDE DE PALMEIRAIS;-5.978;-43.063;POVOADO RIACHO DOS NEGROS;S/N;RURAL
9734074;Caiu em cidade errada. Esperado: IBGE 310205;310205;POSTO SAUDE CORREGO SAO PEDRO;-20.4058070866;-41.8644011021;ESTRADA PRINCIPAL;S/N;ZONA RURAL
9739432;Caiu em cidade errada. Esperado: IBGE 210910;210910;COIFE ODONTOS;-5.405468;-44.335816;GRACA ARANHA;87;CENTRO
9747281;Caiu em cidade errada. Esperado: IBGE 150220;150220;USF RAIMUNDO AMBE;-0.9050782;-47.1138972;RUA PRINCIPAL;S/N;CENTRO
9748237;Caiu em cidade errada. Esperado: IBGE 521770;521770;FEMINA ESTETICA;-17.3134;-49.2656;RUI BARBOSA;713;SETOR CENTRAL
9760091;Caiu em cidade errada. Esperado: IBGE 521860;521860;DOCTORS;-15.3144819;-49.5813991;68;01;PARQUE INDUSTRIAL
9767886;Caiu em cidade errada. Esperado: IBGE 330245;330245;SUPERACAO;-21.9746084845;-42.2502422333;RUA VILMA MARINI DE SOUZA;167;GLORIA
9768572;Caiu em cidade errada. Esperado: IBGE 352920;352920;ACADEMIA DA SAUDE JD PAULISTA;-21.146;-51.172;RUA NICOLAU FALKEMBACH ESQUINA COM A TRAVESSA RAU;S/N;JD PAULISTA
9775749;Caiu em cidade errada. Esperado: IBGE 431849;431849;NUTRIE;-27.7071402;-53.96479360000001;R VENACIO MOTTA;579;CENTRO
9786465;Caiu em cidade errada. Esperado: IBGE 330180;330180;FARMACIA DISTRITAL ANTONIO DE SOUZA CARA SANTA;-22.5500164077;-43.6779069901;PRACA NOSSA SENHORA DE FATIMA;280;MORRO AZUL
9794840;Caiu em cidade errada. Esperado: IBGE 240290;240290;POSTO DE SAUDE SERRA DE SAO JOSE;-6.6279580547;-38.4148855838;SITIO SERRA DE SAO JOSE;S/N;ZONA RURAL
9804854;Caiu em cidade errada. Esperado: IBGE 210910;210910;CLINICA PRO SAUDE;-5.4054765669;-44.3357992172;GRACA ARANHA;259;CENTRO
9806334;Caiu em cidade errada. Esperado: IBGE 291390;291390;ORALMED CENTRO ODONTOMEDICO;-14.13884;-39.73525;RUY BARBOSA;8;CENTRO
9813187;Caiu em cidade errada. Esperado: IBGE 130165;130165;UNIDADE BASICA DE SAUDE FLUVIAL ROBERTO HOLANDA;-7.5551431966;-72.6482963562;ZONA RURAL;S/N;MUNICIPIO DE GUAJARA
9816240;Caiu em cidade errada. Esperado: IBGE 354390;354390;DEPARTAMENTO DE GESTAO DO SUS FMSRC;-22.4488857;-47.5408122;AVENIDA 02;238;CENTRO
9822844;Caiu em cidade errada. Esperado: IBGE 520140;520140;VITALY ODONTOLOGIA;-16.74204;-49.27701;RIO VERDE;S/N;VILA SAO TOMAZ
9842942;Caiu em cidade errada. Esperado: IBGE 280460;280460;UNIDADE DE SAUDE FAMILIA JOSE BRITO DOS SANTOS;-10.510703;-37.3412632;POVOADO MASSARANDUBA;S/N;CENTRO
9862633;Caiu em cidade errada. Esperado: IBGE 500500;500500;CLIN DERM;-21.29;-56.8;RUA MARECHAL RONDON;S/N;CENTRO
9871128;Caiu em cidade errada. Esperado: IBGE 150370;150370;UNIDADE DE SAUDE DA FAMILIA BOA ESPERANCA;-4.570799;-50.657192;VILA BOA ESPERANCA;S/N;ZONA RURAL
9881832;Fora do Brasil ou no mar;261070;CENTRAL DE ABASTENCIMENTO FARMACEUTICO;-7.9380470685;-34.8251205683;RUA ABILIO DE MUNIZ;111;JANGA
9903682;Caiu em cidade errada. Esperado: IBGE 316860;316860;USB TO;-16.993;-42.352;RUA BELO HORIZONTE;436;DE FATIMA
9928618;Caiu em cidade errada. Esperado: IBGE 315550;315550;UNIDADE BASICA DE SAUDE GUARDA DOS FERREIROS;-19.3810529906;-46.1330187321;RUA ONOFRE BARBOSA;775;DISTRITO DE GUARDA D
9942289;Caiu em cidade errada. Esperado: IBGE 230980;230980;POSTO DE SAUDE TIMBAUBA;-4.1700026106;-38.859500885;POVOADO TIMBAUBA;S/N;RURAL
9943552;Caiu em cidade errada. Esperado: IBGE 312770;312770;LIVIA MARIA AVILA MESQUITA;-19.4931534;-41.0649964;RUA OLEGARIO MACIEL;885;CENTRO
9943838;Caiu em cidade errada. Esperado: IBGE 315120;315120;CLINICA TERAPEUTICA JESUS CRISTO SALVADOR;-17.6329735;-44.7103378;RUA VINTE E CINCO;71;COMUNIDADE PERNAMBUC
9955917;Caiu em cidade errada. Esperado: IBGE 220560;220560;POSTO DE SAUDE DO CURRAL NOVO;-7.12099468;-43.494767456;POVOADO CURRAL NOVO;S/N;ZONA RURAL
9963421;Caiu em cidade errada. Esperado: IBGE 260700;260700;UNIDADE DE VIGILANCIA EM SAUDE;-8.899465;-37.8253063;RUA;S/N;CENTRO
9966250;Caiu em cidade errada. Esperado: IBGE 150553;150553;UNIDADE BASICA DE SAUDE GARIMPO DAS PEDRAS;-5.8458480187;-50.2440646241;VILA GARIMPO DAS PEDRAS;S/N;ZONA RURAL
9978720;Caiu em cidade errada. Esperado: IBGE 290450;290450;POSTO DE SAUDE DE BOCA DAS PALMEIRAS;-12.2476378215;-42.0751476288;COMUNIDADE DE BOCA DAS PALMEIRAS;S/N;DISTRITO SEDE
9983570;Caiu em cidade errada. Esperado: IBGE 293110;293110;M N SERVICOS MEDICOS LTDA;-12.7075391;-39.7370768;SANTO ANTONIO;276;CENTRO
9989803;Caiu em cidade errada. Esperado: IBGE 315120;315120;ACACIA CENTRO DE DERMATOLOGIA E ESTETICA;-16.9348016;-44.2382175;MONTES CLAROS;1713;NOSSA SENHORA DE FAT
9994742;Caiu em cidade errada. Esperado: IBGE 352100;352100;FLR SERVICOS MEDICOS;-23.685412;-47.654127;JOAO GONCALVES DE CAMARGO;14;CENTRO
